INVENTORY_YEAR;INVENTORY_ID;INVENTORY_MONTH;PRODUCT_NUMBER;INVENTORY_COUNT
2023;0;4;48;1932
2023;1;4;49;1400
2023;2;4;50;21705
2023;3;4;51;9710
2023;4;4;52;5616
2023;5;4;53;7060
2023;6;4;54;6943
2023;7;4;55;4432
2023;8;4;56;14188
2023;9;4;57;1599
2023;10;4;58;1645
2023;11;4;59;749
2023;12;4;60;8419
2023;13;4;61;7175
2023;14;4;62;2428
2023;15;4;63;2091
2023;16;4;64;4175
2023;17;4;65;1754
2023;18;4;66;576
2023;19;4;67;1354
2023;20;4;68;1576
2023;21;4;69;609
2023;22;4;70;803
2023;23;4;71;1009
2023;24;4;72;1009
2023;25;4;73;1508
2023;26;4;74;2690
2023;27;4;75;2416
2023;28;4;76;1938
2023;29;4;77;2354
2023;30;4;78;1073
2023;31;4;79;733
2023;32;4;80;889
2023;33;4;81;573
2023;34;4;82;2075
2023;35;4;83;2034
2023;36;4;84;-183
2023;37;4;85;1390
2023;38;4;86;17366
2023;39;4;87;19789
2023;40;4;88;18456
2023;41;4;89;21414
2023;42;4;90;29722
2023;43;4;91;14100
2023;44;4;92;6273
2023;45;4;93;17880
2023;46;4;94;26290
2023;47;4;95;20552
2023;48;4;96;3404
2023;49;4;97;1375
2023;50;4;98;9473
2023;51;4;99;4885
2023;52;4;100;11760
2023;53;4;101;985
2023;54;4;102;592
2023;55;4;103;860
2023;56;4;104;833
2023;57;4;105;699
2023;58;4;106;609
2023;59;4;107;869
2023;60;4;108;904
2023;61;4;109;4337
2023;62;4;110;813
2023;63;4;111;662
2023;64;4;112;3610
2023;65;4;113;4663
2023;66;4;114;736
2023;67;4;115;2766
2023;68;5;1;3087
2023;69;5;2;5156
2023;70;5;3;4422
2023;71;5;4;5786
2023;72;5;5;1466
2023;73;5;6;1102
2023;74;5;7;3075
2023;75;5;8;2733
2023;76;5;9;2393
2023;77;5;10;2336
2023;78;5;11;528
2023;79;5;12;996
2023;80;5;13;1058
2023;81;5;14;2816
2023;82;5;15;820
2023;83;5;16;36712
2023;84;5;17;4192
2023;85;5;18;2994
2023;86;5;19;2263
2023;87;5;20;2531
2023;88;5;21;2567
2023;89;5;22;753
2023;90;5;23;737
2023;91;5;24;2456
2023;92;5;25;1995
2023;93;5;26;1896
2023;94;5;27;1938
2023;95;5;28;1909
2023;96;5;29;2944
2023;97;5;30;3088
2023;98;5;31;3328
2023;99;5;32;8827
2023;100;5;33;9951
2023;101;5;34;6282
2023;102;5;35;5405
2023;103;5;36;7031
2023;104;5;37;3587
2023;105;5;38;2069
2023;106;5;39;4174
2023;107;5;40;6908
2023;108;5;41;2425
2023;109;5;42;3139
2023;110;5;43;6445
2023;111;5;44;5530
2023;112;5;45;1630
2023;113;5;46;1792
2023;114;5;47;5737
2023;115;5;48;1978
2023;116;5;49;1288
2023;117;5;50;20355
2023;118;5;51;9930
2023;119;5;52;5840
2023;120;5;53;7510
2023;121;5;54;7235
2023;122;5;55;4722
2023;123;5;56;13708
2023;124;5;57;1685
2023;125;5;58;1879
2023;126;5;59;1005
2023;127;5;60;10175
2023;128;5;61;7251
2023;129;5;62;2816
2023;130;5;63;2403
2023;131;5;64;4679
2023;132;5;65;2386
2023;133;5;66;680
2023;134;5;67;1530
2023;135;5;68;1690
2023;136;5;69;709
2023;137;5;70;901
2023;138;5;71;1073
2023;139;5;72;1061
2023;140;5;73;1878
2023;141;5;74;2758
2023;142;5;75;2446
2023;143;5;76;2474
2023;144;5;77;2600
2023;145;5;78;997
2023;146;5;79;873
2023;147;5;80;1075
2023;148;5;81;723
2023;149;5;82;2463
2023;150;5;83;2266
2023;151;5;84;-57
2023;152;5;85;1472
2023;153;5;86;16850
2023;154;5;87;19155
2023;155;5;88;17754
2023;156;5;89;20090
2023;157;5;90;28170
2023;158;5;91;12556
2023;159;5;92;5877
2023;160;5;93;16910
2023;161;5;94;24676
2023;162;5;95;18706
2023;163;5;96;3298
2023;164;5;97;1287
2023;165;5;98;9037
2023;166;5;99;4279
2023;167;5;100;11200
2023;168;5;101;941
2023;169;5;102;698
2023;170;5;103;810
2023;171;5;104;789
2023;172;5;105;713
2023;173;5;106;645
2023;174;5;107;829
2023;175;5;108;884
2023;176;5;109;4035
2023;177;5;110;597
2023;178;5;111;556
2023;179;5;112;3466
2023;180;5;113;4199
2023;181;5;114;706
2023;182;5;115;2598
2023;183;6;1;2693
2023;184;6;2;4046
2023;185;6;3;4738
2023;186;6;4;6976
2023;187;6;5;2274
2023;188;6;6;1004
2023;189;6;7;2907
2023;190;6;8;2141
2023;191;6;9;1901
2023;192;6;10;6052
2023;193;6;11;654
2023;194;6;12;1066
2023;195;6;13;1106
2023;196;6;14;3104
2023;197;6;15;600
2023;198;6;16;34978
2023;199;6;17;3958
2023;200;6;18;3228
2023;201;6;19;2159
2023;202;6;20;2053
2023;203;6;21;2425
2023;204;6;22;1385
2023;205;6;23;683
2023;206;6;24;2524
2023;207;6;25;2103
2023;208;6;26;2036
2023;209;6;27;1960
2023;210;6;28;2055
2023;211;6;29;4498
2023;212;6;30;2582
2023;213;6;31;4998
2023;214;6;32;13277
2023;215;6;33;7995
2023;216;6;34;11878
2023;217;6;35;8151
2023;218;6;36;6007
2023;219;6;37;3333
2023;220;6;38;1721
2023;221;6;39;3484
2023;222;6;40;11762
2023;223;6;41;4431
2023;224;6;42;3065
2023;225;6;43;6133
2023;226;6;44;5144
2023;227;6;45;1528
2023;228;6;46;1810
2023;229;6;47;5615
2023;230;6;48;2102
2023;231;6;49;1160
2023;232;6;50;26603
2023;233;6;51;9530
2023;234;6;52;5804
2023;235;6;53;7482
2023;236;6;54;7479
2023;237;6;55;4638
2023;238;6;56;13022
2023;239;6;57;1703
2023;240;6;58;1807
2023;241;6;59;1015
2023;242;6;60;9335
2023;243;6;61;7213
2023;244;6;62;2688
2023;245;6;63;2341
2023;246;6;64;4759
2023;247;6;65;2460
2023;248;6;66;674
2023;249;6;67;1484
2023;250;6;68;1452
2023;251;6;69;823
2023;252;6;70;849
2023;253;6;71;1061
2023;254;6;72;1037
2023;255;6;73;2150
2023;256;6;74;2926
2023;257;6;75;2558
2023;258;6;76;2336
2023;259;6;77;2836
2023;260;6;78;813
2023;261;6;79;875
2023;262;6;80;1101
2023;263;6;81;669
2023;264;6;82;2575
2023;265;6;83;2280
2023;266;6;84;-297
2023;267;6;85;1568
2023;268;6;86;14688
2023;269;6;87;17797
2023;270;6;88;15464
2023;271;6;89;17928
2023;272;6;90;25234
2023;273;6;91;10842
2023;274;6;92;5449
2023;275;6;93;14198
2023;276;6;94;22576
2023;277;6;95;16452
2023;278;6;96;3060
2023;279;6;97;1671
2023;280;6;98;8055
2023;281;6;99;3945
2023;282;6;100;10218
2023;283;6;101;901
2023;284;6;102;664
2023;285;6;103;756
2023;286;6;104;719
2023;287;6;105;577
2023;288;6;106;533
2023;289;6;107;709
2023;290;6;108;794
2023;291;6;109;3309
2023;292;6;110;695
2023;293;6;111;638
2023;294;6;112;2670
2023;295;6;113;6511
2023;296;6;114;656
2023;297;6;115;1640
2023;298;7;1;4111
2023;299;7;2;6838
2023;300;7;3;4154
2023;301;7;4;5612
2023;302;7;5;1954
2023;303;7;6;962
2023;304;7;7;2435
2023;305;7;8;1903
2023;306;7;9;1713
2023;307;7;10;5836
2023;308;7;11;762
2023;309;7;12;1376
2023;310;7;13;1404
2023;311;7;14;3100
2023;312;7;15;684
2023;313;7;16;34376
2023;314;7;17;4078
2023;315;7;18;3640
2023;316;7;19;2529
2023;317;7;20;1681
2023;318;7;21;2109
2023;319;7;22;1293
2023;320;7;23;943
2023;321;7;24;2896
2023;322;7;25;2503
2023;323;7;26;2044
2023;324;7;27;2206
2023;325;7;28;2181
2023;326;7;29;4204
2023;327;7;30;2286
2023;328;7;31;4432
2023;329;7;32;11789
2023;330;7;33;6193
2023;331;7;34;9946
2023;332;7;35;7349
2023;333;7;36;10093
2023;334;7;37;4891
2023;335;7;38;2511
2023;336;7;39;5396
2023;337;7;40;10748
2023;338;7;41;4207
2023;339;7;42;3221
2023;340;7;43;6029
2023;341;7;44;5214
2023;342;7;45;1642
2023;343;7;46;1976
2023;344;7;47;5771
2023;345;7;48;2182
2023;346;7;49;1044
2023;347;7;50;25221
2023;348;7;51;9914
2023;349;7;52;6040
2023;350;7;53;7392
2023;351;7;54;7717
2023;352;7;55;5064
2023;353;7;56;12540
2023;354;7;57;1747
2023;355;7;58;1991
2023;356;7;59;1193
2023;357;7;60;10951
2023;358;7;61;7445
2023;359;7;62;2962
2023;360;7;63;2281
2023;361;7;64;5219
2023;362;7;65;2704
2023;363;7;66;794
2023;364;7;67;1588
2023;365;7;68;1610
2023;366;7;69;963
2023;367;7;70;959
2023;368;7;71;1081
2023;369;7;72;1135
2023;370;7;73;2384
2023;371;7;74;2512
2023;372;7;75;2724
2023;373;7;76;2414
2023;374;7;77;2868
2023;375;7;78;969
2023;376;7;79;823
2023;377;7;80;1213
2023;378;7;81;525
2023;379;7;82;2733
2023;380;7;83;2508
2023;381;7;84;733
2023;382;7;85;1674
2023;383;7;86;19364
2023;384;7;87;23343
2023;385;7;88;20070
2023;386;7;89;19840
2023;387;7;90;27758
2023;388;7;91;12332
2023;389;7;92;5883
2023;390;7;93;18740
2023;391;7;94;26988
2023;392;7;95;22414
2023;393;7;96;2716
2023;394;7;97;1527
2023;395;7;98;8761
2023;396;7;99;6361
2023;397;7;100;8862
2023;398;7;101;1021
2023;399;7;102;780
2023;400;7;103;716
2023;401;7;104;707
2023;402;7;105;717
2023;403;7;106;591
2023;404;7;107;697
2023;405;7;108;754
2023;406;7;109;3067
2023;407;7;110;539
2023;408;7;111;586
2023;409;7;112;2234
2023;410;7;113;6227
2023;411;7;114;630
2023;412;7;115;1074
2023;413;8;1;5051
2023;414;8;2;6222
2023;415;8;3;5554
2023;416;8;4;4402
2023;417;8;5;1724
2023;418;8;6;876
2023;419;8;7;2257
2023;420;8;8;4065
2023;421;8;9;1539
2023;422;8;10;5350
2023;423;8;11;920
2023;424;8;12;1336
2023;425;8;13;1650
2023;426;8;14;3582
2023;427;8;15;856
2023;428;8;16;32604
2023;429;8;17;4288
2023;430;8;18;3806
2023;431;8;19;3017
2023;432;8;20;3553
2023;433;8;21;4489
2023;434;8;22;1205
2023;435;8;23;831
2023;436;8;24;2064
2023;437;8;25;2739
2023;438;8;26;2210
2023;439;8;27;2352
2023;440;8;28;2451
2023;441;8;29;3762
2023;442;8;30;3944
2023;443;8;31;4006
2023;444;8;32;10297
2023;445;8;33;11819
2023;446;8;34;9050
2023;447;8;35;6697
2023;448;8;36;8881
2023;449;8;37;4471
2023;450;8;38;2249
2023;451;8;39;4956
2023;452;8;40;9976
2023;453;8;41;3951
2023;454;8;42;3399
2023;455;8;43;6259
2023;456;8;44;5598
2023;457;8;45;1666
2023;458;8;46;2084
2023;459;8;47;5995
2023;460;8;48;2358
2023;461;8;49;1542
2023;462;8;50;23485
2023;463;8;51;10296
2023;464;8;52;6104
2023;465;8;53;7720
2023;466;8;54;7935
2023;467;8;55;5498
2023;468;8;56;12330
2023;469;8;57;1893
2023;470;8;58;2235
2023;471;8;59;1239
2023;472;8;60;10411
2023;473;8;61;7921
2023;474;8;62;3520
2023;475;8;63;2497
2023;476;8;64;5691
2023;477;8;65;3206
2023;478;8;66;974
2023;479;8;67;1670
2023;480;8;68;1972
2023;481;8;69;1089
2023;482;8;70;1145
2023;483;8;71;1159
2023;484;8;72;1363
2023;485;8;73;2486
2023;486;8;74;3020
2023;487;8;75;2770
2023;488;8;76;2708
2023;489;8;77;3302
2023;490;8;78;1207
2023;491;8;79;861
2023;492;8;80;1371
2023;493;8;81;673
2023;494;8;82;3119
2023;495;8;83;2716
2023;496;8;84;1137
2023;497;8;85;1828
2023;498;8;86;17424
2023;499;8;87;22251
2023;500;8;88;17326
2023;501;8;89;18140
2023;502;8;90;25616
2023;503;8;91;11240
2023;504;8;92;5459
2023;505;8;93;16926
2023;506;8;94;22822
2023;507;8;95;20806
2023;508;8;96;2500
2023;509;8;97;1441
2023;510;8;98;8127
2023;511;8;99;5885
2023;512;8;100;8000
2023;513;8;101;1129
2023;514;8;102;892
2023;515;8;103;674
2023;516;8;104;681
2023;517;8;105;907
2023;518;8;106;705
2023;519;8;107;683
2023;520;8;108;740
2023;521;8;109;2831
2023;522;8;110;1281
2023;523;8;111;740
2023;524;8;112;1910
2023;525;8;113;6003
2023;526;8;114;596
2023;527;8;115;4864
2023;528;9;1;6171
2023;529;9;2;4830
2023;530;9;3;3970
2023;531;9;4;8320
2023;532;9;5;2562
2023;533;9;6;1294
2023;534;9;7;3827
2023;535;9;8;3619
2023;536;9;9;1269
2023;537;9;10;4820
2023;538;9;11;908
2023;539;9;12;1374
2023;540;9;13;1630
2023;541;9;14;2998
2023;542;9;15;828
2023;543;9;16;30568
2023;544;9;17;4552
2023;545;9;18;3172
2023;546;9;19;3441
2023;547;9;20;3089
2023;548;9;21;4327
2023;549;9;22;1061
2023;550;9;23;739
2023;551;9;24;2450
2023;552;9;25;3079
2023;553;9;26;2130
2023;554;9;27;2530
2023;555;9;28;2567
2023;556;9;29;5474
2023;557;9;30;3384
2023;558;9;31;6324
2023;559;9;32;14937
2023;560;9;33;10561
2023;561;9;34;14010
2023;562;9;35;9529
2023;563;9;36;7531
2023;564;9;37;3653
2023;565;9;38;1961
2023;566;9;39;4256
2023;567;9;40;7570
2023;568;9;41;3559
2023;569;9;42;3551
2023;570;9;43;6445
2023;571;9;44;5464
2023;572;9;45;1762
2023;573;9;46;2212
2023;574;9;47;6321
2023;575;9;48;2256
2023;576;9;49;1434
2023;577;9;50;29783
2023;578;9;51;10580
2023;579;9;52;6218
2023;580;9;53;7644
2023;581;9;54;7805
2023;582;9;55;5784
2023;583;9;56;12054
2023;584;9;57;1745
2023;585;9;58;2485
2023;586;9;59;1429
2023;587;9;60;9529
2023;588;9;61;8217
2023;589;9;62;3814
2023;590;9;63;2635
2023;591;9;64;5759
2023;592;9;65;3014
2023;593;9;66;948
2023;594;9;67;1492
2023;595;9;68;1836
2023;596;9;69;1141
2023;597;9;70;1251
2023;598;9;71;1135
2023;599;9;72;1531
2023;600;9;73;2646
2023;601;9;74;3278
2023;602;9;75;2776
2023;603;9;76;3570
2023;604;9;77;2820
2023;605;9;78;1225
2023;606;9;79;845
2023;607;9;80;1199
2023;608;9;81;823
2023;609;9;82;3233
2023;610;9;83;2740
2023;611;9;84;1211
2023;612;9;85;1866
2023;613;9;86;15840
2023;614;9;87;21035
2023;615;9;88;16672
2023;616;9;89;16710
2023;617;9;90;23920
2023;618;9;91;10850
2023;619;9;92;5337
2023;620;9;93;16030
2023;621;9;94;21528
2023;622;9;95;19716
2023;623;9;96;2440
2023;624;9;97;1593
2023;625;9;98;7799
2023;626;9;99;5585
2023;627;9;100;6928
2023;628;9;101;1215
2023;629;9;102;892
2023;630;9;103;572
2023;631;9;104;635
2023;632;9;105;973
2023;633;9;106;759
2023;634;9;107;647
2023;635;9;108;700
2023;636;9;109;2421
2023;637;9;110;895
2023;638;9;111;644
2023;639;9;112;1552
2023;640;9;113;5473
2023;641;9;114;546
2023;642;9;115;4440
2023;643;10;1;4937
2023;644;10;2;6812
2023;645;10;3;4416
2023;646;10;4;6244
2023;647;10;5;1882
2023;648;10;6;1142
2023;649;10;7;3191
2023;650;10;8;2427
2023;651;10;9;2493
2023;652;10;10;3744
2023;653;10;11;730
2023;654;10;12;1204
2023;655;10;13;1338
2023;656;10;14;2732
2023;657;10;15;720
2023;658;10;16;27282
2023;659;10;17;3554
2023;660;10;18;2738
2023;661;10;19;2931
2023;662;10;20;2399
2023;663;10;21;3593
2023;664;10;22;735
2023;665;10;23;963
2023;666;10;24;1746
2023;667;10;25;2661
2023;668;10;26;1938
2023;669;10;27;2320
2023;670;10;28;1857
2023;671;10;29;4398
2023;672;10;30;2702
2023;673;10;31;4928
2023;674;10;32;11443
2023;675;10;33;7481
2023;676;10;34;11312
2023;677;10;35;8279
2023;678;10;36;10319
2023;679;10;37;4173
2023;680;10;38;2149
2023;681;10;39;5332
2023;682;10;40;10796
2023;683;10;41;2965
2023;684;10;42;3109
2023;685;10;43;5879
2023;686;10;44;4744
2023;687;10;45;1740
2023;688;10;46;2146
2023;689;10;47;6011
2023;690;10;48;1960
2023;691;10;49;1206
2023;692;10;50;26861
2023;693;10;51;9596
2023;694;10;52;5320
2023;695;10;53;6872
2023;696;10;54;7305
2023;697;10;55;4762
2023;698;10;56;11094
2023;699;10;57;1299
2023;700;10;58;1885
2023;701;10;59;841
2023;702;10;60;10455
2023;703;10;61;7661
2023;704;10;62;2776
2023;705;10;63;2185
2023;706;10;64;3971
2023;707;10;65;2398
2023;708;10;66;744
2023;709;10;67;560
2023;710;10;68;1472
2023;711;10;69;1035
2023;712;10;70;1089
2023;713;10;71;1147
2023;714;10;72;1211
2023;715;10;73;1694
2023;716;10;74;1784
2023;717;10;75;2130
2023;718;10;76;3362
2023;719;10;77;2230
2023;720;10;78;511
2023;721;10;79;381
2023;722;10;80;941
2023;723;10;81;555
2023;724;10;82;2395
2023;725;10;83;2022
2023;726;10;84;759
2023;727;10;85;1384
2023;728;10;86;12006
2023;729;10;87;20079
2023;730;10;88;15920
2023;731;10;89;15900
2023;732;10;90;22594
2023;733;10;91;10556
2023;734;10;92;5165
2023;735;10;93;15602
2023;736;10;94;20258
2023;737;10;95;18032
2023;738;10;96;2382
2023;739;10;97;1529
2023;740;10;98;7747
2023;741;10;99;5343
2023;742;10;100;5728
2023;743;10;101;993
2023;744;10;102;774
2023;745;10;103;404
2023;746;10;104;559
2023;747;10;105;793
2023;748;10;106;621
2023;749;10;107;527
2023;750;10;108;600
2023;751;10;109;1701
2023;752;10;110;945
2023;753;10;111;628
2023;754;10;112;308
2023;755;10;113;4417
2023;756;10;114;384
2023;757;10;115;3062
2023;758;11;1;6935
2023;759;11;2;5114
2023;760;11;3;3862
2023;761;11;4;5336
2023;762;11;5;1528
2023;763;11;6;1042
2023;764;11;7;3015
2023;765;11;8;2157
2023;766;11;9;2179
2023;767;11;10;3268
2023;768;11;11;784
2023;769;11;12;1222
2023;770;11;13;1790
2023;771;11;14;2872
2023;772;11;15;960
2023;773;11;16;26424
2023;774;11;17;3854
2023;775;11;18;2986
2023;776;11;19;3557
2023;777;11;20;2237
2023;778;11;21;3171
2023;779;11;22;675
2023;780;11;23;853
2023;781;11;24;2300
2023;782;11;25;3031
2023;783;11;26;2202
2023;784;11;27;2584
2023;785;11;28;2321
2023;786;11;29;4038
2023;787;11;30;2530
2023;788;11;31;4608
2023;789;11;32;9781
2023;790;11;33;14309
2023;791;11;34;10490
2023;792;11;35;7441
2023;793;11;36;9861
2023;794;11;37;4053
2023;795;11;38;2067
2023;796;11;39;4974
2023;797;11;40;9262
2023;798;11;41;2673
2023;799;11;42;3263
2023;800;11;43;6177
2023;801;11;44;5092
2023;802;11;45;1920
2023;803;11;46;2348
2023;804;11;47;6501
2023;805;11;48;2032
2023;806;11;49;1120
2023;807;11;50;26315
2023;808;11;51;10322
2023;809;11;52;5470
2023;810;11;53;7134
2023;811;11;54;7777
2023;812;11;55;5600
2023;813;11;56;10918
2023;814;11;57;1785
2023;815;11;58;2363
2023;816;11;59;1137
2023;817;11;60;9925
2023;818;11;61;8369
2023;819;11;62;3442
2023;820;11;63;2657
2023;821;11;64;4763
2023;822;11;65;2740
2023;823;11;66;860
2023;824;11;67;776
2023;825;11;68;1988
2023;826;11;69;1131
2023;827;11;70;1263
2023;828;11;71;1447
2023;829;11;72;1483
2023;830;11;73;2564
2023;831;11;74;2434
2023;832;11;75;2834
2023;833;11;76;4868
2023;834;11;77;2724
2023;835;11;78;733
2023;836;11;79;401
2023;837;11;80;1261
2023;838;11;81;753
2023;839;11;82;2709
2023;840;11;83;2278
2023;841;11;84;951
2023;842;11;85;1642
2023;843;11;86;11576
2023;844;11;87;19731
2023;845;11;88;15738
2023;846;11;89;15686
2023;847;11;90;22238
2023;848;11;91;10372
2023;849;11;92;5095
2023;850;11;93;15378
2023;851;11;94;20064
2023;852;11;95;17698
2023;853;11;96;2332
2023;854;11;97;1457
2023;855;11;98;7677
2023;856;11;99;5171
2023;857;11;100;5498
2023;858;11;101;1075
2023;859;11;102;850
2023;860;11;103;382
2023;861;11;104;511
2023;862;11;105;891
2023;863;11;106;711
2023;864;11;107;453
2023;865;11;108;550
2023;866;11;109;1429
2023;867;11;110;751
2023;868;11;111;540
2023;869;11;112;7150
2023;870;11;113;4141
2023;871;11;114;290
2023;872;11;115;2726
2023;873;12;1;6729
2023;874;12;2;4528
2023;875;12;3;5082
2023;876;12;4;9796
2023;877;12;5;2542
2023;878;12;6;982
2023;879;12;7;2805
2023;880;12;8;1945
2023;881;12;9;2117
2023;882;12;10;2974
2023;883;12;11;766
2023;884;12;12;1382
2023;885;12;13;1810
2023;886;12;14;2744
2023;887;12;15;1108
2023;888;12;16;24900
2023;889;12;17;3870
2023;890;12;18;3246
2023;891;12;19;3857
2023;892;12;20;1839
2023;893;12;21;3019
2023;894;12;22;613
2023;895;12;23;745
2023;896;12;24;2852
2023;897;12;25;3503
2023;898;12;26;2428
2023;899;12;27;2550
2023;900;12;28;2929
2023;901;12;29;6398
2023;902;12;30;4156
2023;903;12;31;7324
2023;904;12;32;14235
2023;905;12;33;13923
2023;906;12;34;16676
2023;907;12;35;10679
2023;908;12;36;9621
2023;909;12;37;3703
2023;910;12;38;1809
2023;911;12;39;4748
2023;912;12;40;8384
2023;913;12;41;2457
2023;914;12;42;3425
2023;915;12;43;6357
2023;916;12;44;5404
2023;917;12;45;2080
2023;918;12;46;2494
2023;919;12;47;6631
2023;920;12;48;2174
2023;921;12;49;1664
2023;922;12;50;34051
2023;923;12;51;10868
2023;924;12;52;5646
2023;925;12;53;7378
2023;926;12;54;8337
2023;927;12;55;6390
2023;928;12;56;10332
2023;929;12;57;2251
2023;930;12;58;2717
2023;931;12;59;1343
2023;932;12;60;11749
2023;933;12;61;8829
2023;934;12;62;4202
2023;935;12;63;3049
2023;936;12;64;6003
2023;937;12;65;2948
2023;938;12;66;932
2023;939;12;67;1124
2023;940;12;68;2218
2023;941;12;69;1267
2023;942;12;70;1451
2023;943;12;71;1765
2023;944;12;72;1771
2023;945;12;73;3542
2023;946;12;74;3292
2023;947;12;75;3586
2023;948;12;76;6540
2023;949;12;77;3072
2023;950;12;78;889
2023;951;12;79;547
2023;952;12;80;1327
2023;953;12;81;939
2023;954;12;82;3069
2023;955;12;83;2362
2023;956;12;84;1195
2023;957;12;85;1624
2023;958;12;86;11284
2023;959;12;87;19731
2023;960;12;88;15362
2023;961;12;89;15364
2023;962;12;90;21124
2023;963;12;91;10098
2023;964;12;92;4967
2023;965;12;93;14606
2023;966;12;94;19716
2023;967;12;95;17402
2023;968;12;96;2312
2023;969;12;97;1421
2023;970;12;98;7605
2023;971;12;99;5043
2023;972;12;100;5078
2023;973;12;101;1221
2023;974;12;102;1010
2023;975;12;103;350
2023;976;12;104;497
2023;977;12;105;957
2023;978;12;106;887
2023;979;12;107;409
2023;980;12;108;500
2023;981;12;109;1161
2023;982;12;110;1343
2023;983;12;111;736
2023;984;12;112;6764
2023;985;12;113;3839
2023;986;12;114;246
2023;987;12;115;2462
2024;988;1;1;6985
2024;989;1;2;7862
2024;990;1;3;4628
2024;991;1;4;9386
2024;992;1;5;2232
2024;993;1;6;904
2024;994;1;7;2627
2024;995;1;8;1383
2024;996;1;9;1885
2024;997;1;10;6984
2024;998;1;11;820
2024;999;1;12;2108
2024;1000;1;13;1396
2024;1001;1;14;3110
2024;1002;1;15;1376
2024;1003;1;16;23060
2024;1004;1;17;4026
2024;1005;1;18;3392
2024;1006;1;19;4149
2024;1007;1;20;1473
2024;1008;1;21;2785
2024;1009;1;22;1507
2024;1010;1;23;1295
2024;1011;1;24;3460
2024;1012;1;25;3765
2024;1013;1;26;2778
2024;1014;1;27;2476
2024;1015;1;28;3265
2024;1016;1;29;6058
2024;1017;1;30;3836
2024;1018;1;31;6564
2024;1019;1;32;13275
2024;1020;1;33;12229
2024;1021;1;34;16302
2024;1022;1;35;9797
2024;1023;1;36;13055
2024;1024;1;37;5223
2024;1025;1;38;2865
2024;1026;1;39;6530
2024;1027;1;40;7228
2024;1028;1;41;5855
2024;1029;1;42;3669
2024;1030;1;43;6835
2024;1031;1;44;5636
2024;1032;1;45;2246
2024;1033;1;46;2716
2024;1034;1;47;7031
2024;1035;1;48;2336
2024;1036;1;49;1618
2024;1037;1;50;33327
2024;1038;1;51;11206
2024;1039;1;52;5970
2024;1040;1;53;7994
2024;1041;1;54;9329
2024;1042;1;55;7528
2024;1043;1;56;10000
2024;1044;1;57;2759
2024;1045;1;58;3067
2024;1046;1;59;1665
2024;1047;1;60;11647
2024;1048;1;61;9437
2024;1049;1;62;4664
2024;1050;1;63;3379
2024;1051;1;64;7267
2024;1052;1;65;3348
2024;1053;1;66;1094
2024;1054;1;67;1666
2024;1055;1;68;2308
2024;1056;1;69;1435
2024;1057;1;70;1699
2024;1058;1;71;1993
2024;1059;1;72;1891
2024;1060;1;73;4308
2024;1061;1;74;5180
2024;1062;1;75;3744
2024;1063;1;76;7014
2024;1064;1;77;3638
2024;1065;1;78;875
2024;1066;1;79;495
2024;1067;1;80;1639
2024;1068;1;81;1113
2024;1069;1;82;3267
2024;1070;1;83;2624
2024;1071;1;84;1255
2024;1072;1;85;1830
2024;1073;1;86;13722
2024;1074;1;87;20903
2024;1075;1;88;17910
2024;1076;1;89;15920
2024;1077;1;90;25500
2024;1078;1;91;12832
2024;1079;1;92;5581
2024;1080;1;93;17836
2024;1081;1;94;22164
2024;1082;1;95;16906
2024;1083;1;96;2210
2024;1084;1;97;1651
2024;1085;1;98;8255
2024;1086;1;99;6335
2024;1087;1;100;4824
2024;1088;1;101;1453
2024;1089;1;102;1152
2024;1090;1;103;302
2024;1091;1;104;445
2024;1092;1;105;1073
2024;1093;1;106;901
2024;1094;1;107;387
2024;1095;1;108;490
2024;1096;1;109;945
2024;1097;1;110;1171
2024;1098;1;111;698
2024;1099;1;112;6544
2024;1100;1;113;9053
2024;1101;1;114;1022
2024;1102;1;115;2296
2024;1103;2;1;6915
2024;1104;2;2;7272
2024;1105;2;3;6272
2024;1106;2;4;8724
2024;1107;2;5;2026
2024;1108;2;6;1686
2024;1109;2;7;2129
2024;1110;2;8;4731
2024;1111;2;9;1521
2024;1112;2;10;6516
2024;1113;2;11;1080
2024;1114;2;12;2028
2024;1115;2;13;1534
2024;1116;2;14;3422
2024;1117;2;15;1670
2024;1118;2;16;22488
2024;1119;2;17;4566
2024;1120;2;18;3798
2024;1121;2;19;4599
2024;1122;2;20;3721
2024;1123;2;21;5951
2024;1124;2;22;1471
2024;1125;2;23;1253
2024;1126;2;24;4106
2024;1127;2;25;4237
2024;1128;2;26;3162
2024;1129;2;27;2678
2024;1130;2;28;3943
2024;1131;2;29;5812
2024;1132;2;30;3594
2024;1133;2;31;6410
2024;1134;2;32;12457
2024;1135;2;33;19215
2024;1136;2;34;15566
2024;1137;2;35;9551
2024;1138;2;36;12559
2024;1139;2;37;5165
2024;1140;2;38;2435
2024;1141;2;39;6202
2024;1142;2;40;12810
2024;1143;2;41;5639
2024;1144;2;42;3737
2024;1145;2;43;7453
2024;1146;2;44;6110
2024;1147;2;45;2400
2024;1148;2;46;2892
2024;1149;2;47;7487
2024;1150;2;48;2460
2024;1151;2;49;1596
2024;1152;2;50;33013
2024;1153;2;51;11912
2024;1154;2;52;6278
2024;1155;2;53;8432
2024;1156;2;54;10351
2024;1157;2;55;8450
2024;1158;2;56;9916
2024;1159;2;57;3267
2024;1160;2;58;3569
2024;1161;2;59;1965
2024;1162;2;60;11139
2024;1163;2;61;10239
2024;1164;2;62;6098
2024;1165;2;63;3811
2024;1166;2;64;8579
2024;1167;2;65;4012
2024;1168;2;66;1142
2024;1169;2;67;2066
2024;1170;2;68;2692
2024;1171;2;69;1555
2024;1172;2;70;1887
2024;1173;2;71;2067
2024;1174;2;72;2143
2024;1175;2;73;5188
2024;1176;2;74;6644
2024;1177;2;75;4184
2024;1178;2;76;7666
2024;1179;2;77;4302
2024;1180;2;78;1055
2024;1181;2;79;739
2024;1182;2;80;1927
2024;1183;2;81;1407
2024;1184;2;82;3885
2024;1185;2;83;2908
2024;1186;2;84;1527
2024;1187;2;85;1986
2024;1188;2;86;13650
2024;1189;2;87;20717
2024;1190;2;88;17724
2024;1191;2;89;15710
2024;1192;2;90;25384
2024;1193;2;91;12492
2024;1194;2;92;5465
2024;1195;2;93;17560
2024;1196;2;94;21450
2024;1197;2;95;16774
2024;1198;2;96;2210
2024;1199;2;97;1607
2024;1200;2;98;8255
2024;1201;2;99;6247
2024;1202;2;100;4612
2024;1203;2;101;1707
2024;1204;2;102;1312
2024;1205;2;103;302
2024;1206;2;104;425
2024;1207;2;105;1223
2024;1208;2;106;1033
2024;1209;2;107;371
2024;1210;2;108;480
2024;1211;2;109;6193
2024;1212;2;110;1883
2024;1213;2;111;994
2024;1214;2;112;6388
2024;1215;2;113;9053
2024;1216;2;114;1014
2024;1217;2;115;2158
2024;1218;3;1;6509
2024;1219;3;2;6230
2024;1220;3;3;4990
2024;1221;3;4;11776
2024;1222;3;5;2530
2024;1223;3;6;1506
2024;1224;3;7;4323
2024;1225;3;8;4297
2024;1226;3;9;1099
2024;1227;3;10;5840
2024;1228;3;11;1052
2024;1229;3;12;1426
2024;1230;3;13;1430
2024;1231;3;14;3630
2024;1232;3;15;1338
2024;1233;3;16;21284
2024;1234;3;17;4522
2024;1235;3;18;3700
2024;1236;3;19;4749
2024;1237;3;20;3083
2024;1238;3;21;5557
2024;1239;3;22;1287
2024;1240;3;23;1153
2024;1241;3;24;4364
2024;1242;3;25;4061
2024;1243;3;26;3066
2024;1244;3;27;2684
2024;1245;3;28;4049
2024;1246;3;29;7806
2024;1247;3;30;3300
2024;1248;3;31;8598
2024;1249;3;32;18373
2024;1250;3;33;17785
2024;1251;3;34;20304
2024;1252;3;35;11971
2024;1253;3;36;11421
2024;1254;3;37;4947
2024;1255;3;38;1939
2024;1256;3;39;5048
2024;1257;3;40;11024
2024;1258;3;41;5213
2024;1259;3;42;3713
2024;1260;3;43;7475
2024;1261;3;44;5912
2024;1262;3;45;2392
2024;1263;3;46;2982
2024;1264;3;47;7665
2024;1265;3;48;2432
2024;1266;3;49;1482
2024;1267;3;50;40115
2024;1268;3;51;11702
2024;1269;3;52;6306
2024;1270;3;53;7952
2024;1271;3;54;10803
2024;1272;3;55;8126
2024;1273;3;56;9362
2024;1274;3;57;3189
2024;1275;3;58;3419
2024;1276;3;59;1769
2024;1277;3;60;12879
2024;1278;3;61;9763
2024;1279;3;62;6384
2024;1280;3;63;3951
2024;1281;3;64;7963
2024;1282;3;65;3884
2024;1283;3;66;962
2024;1284;3;67;2104
2024;1285;3;68;2884
2024;1286;3;69;1723
2024;1287;3;70;1843
2024;1288;3;71;2109
2024;1289;3;72;2249
2024;1290;3;73;6168
2024;1291;3;74;8070
2024;1292;3;75;4240
2024;1293;3;76;7916
2024;1294;3;77;4694
2024;1295;3;78;835
2024;1296;3;79;789
2024;1297;3;80;2117
2024;1298;3;81;1493
2024;1299;3;82;3751
2024;1300;3;83;2850
2024;1301;3;84;1213
2024;1302;3;85;1966
2024;1303;3;86;12276
2024;1304;3;87;20075
2024;1305;3;88;16376
2024;1306;3;89;14846
2024;1307;3;90;23832
2024;1308;3;91;11486
2024;1309;3;92;5125
2024;1310;3;93;16652
2024;1311;3;94;20072
2024;1312;3;95;15926
2024;1313;3;96;2018
2024;1314;3;97;1543
2024;1315;3;98;7839
2024;1316;3;99;5913
2024;1317;3;100;4110
2024;1318;3;101;1633
2024;1319;3;102;1226
2024;1320;3;103;814
2024;1321;3;104;1371
2024;1322;3;105;1151
2024;1323;3;106;1107
2024;1324;3;107;1255
2024;1325;3;108;1420
2024;1326;3;109;5679
2024;1327;3;110;1359
2024;1328;3;111;902
2024;1329;3;112;5380
2024;1330;3;113;8359
2024;1331;3;114;942
2024;1332;3;115;5426
2024;1333;4;1;6465
2024;1334;4;2;9038
2024;1335;4;3;5552
2024;1336;4;4;10456
2024;1337;4;5;2082
2024;1338;4;6;1390
2024;1339;4;7;3711
2024;1340;4;8;3429
2024;1341;4;9;3319
2024;1342;4;10;5168
2024;1343;4;11;876
2024;1344;4;12;1468
2024;1345;4;13;1362
2024;1346;4;14;3438
2024;1347;4;15;1392
2024;1348;4;16;50294
2024;1349;4;17;4256
2024;1350;4;18;3708
2024;1351;4;19;4673
2024;1352;4;20;2615
2024;1353;4;21;5279
2024;1354;4;22;1175
2024;1355;4;23;1613
2024;1356;4;24;4390
2024;1357;4;25;4145
2024;1358;4;26;3366
2024;1359;4;27;2954
2024;1360;4;28;3989
2024;1361;4;29;6966
2024;1362;4;30;5516
2024;1363;4;31;8092
2024;1364;4;32;15931
2024;1365;4;33;16111
2024;1366;4;34;17156
2024;1367;4;35;10661
2024;1368;4;36;14517
2024;1369;4;37;6783
2024;1370;4;38;4015
2024;1371;4;39;7196
2024;1372;4;40;9508
2024;1373;4;41;4901
2024;1374;4;42;3573
2024;1375;4;43;6941
2024;1376;4;44;5560
2024;1377;4;45;2442
2024;1378;4;46;3118
2024;1379;4;47;7551
2024;1380;4;48;2396
2024;1381;4;49;1982
2024;1382;4;50;37803
2024;1383;4;51;11552
2024;1384;4;52;6092
2024;1385;4;53;7244
2024;1386;4;54;10599
2024;1387;4;55;7582
2024;1388;4;56;18196
2024;1389;4;57;2947
2024;1390;4;58;3437
2024;1391;4;59;1537
2024;1392;4;60;11105
2024;1393;4;61;9235
2024;1394;4;62;6006
2024;1395;4;63;3559
2024;1396;4;64;7387
2024;1397;4;65;3404
2024;1398;4;66;1082
2024;1399;4;67;1970
2024;1400;4;68;2730
2024;1401;4;69;1649
2024;1402;4;70;1883
2024;1403;4;71;2173
2024;1404;4;72;2391
2024;1405;4;73;7048
2024;1406;4;74;8708
2024;1407;4;75;3936
2024;1408;4;76;7680
2024;1409;4;77;4762
2024;1410;4;78;717
2024;1411;4;79;679
2024;1412;4;80;1929
2024;1413;4;81;1525
2024;1414;4;82;3439
2024;1415;4;83;2488
2024;1416;4;84;1167
2024;1417;4;85;1966
2024;1418;4;86;11284
2024;1419;4;87;18909
2024;1420;4;88;14238
2024;1421;4;89;14040
2024;1422;4;90;21840
2024;1423;4;91;10616
2024;1424;4;92;4853
2024;1425;4;93;15402
2024;1426;4;94;18100
2024;1427;4;95;14476
2024;1428;4;96;2312
2024;1429;4;97;1473
2024;1430;4;98;7585
2024;1431;4;99;5629
2024;1432;4;100;3556
2024;1433;4;101;1585
2024;1434;4;102;1080
2024;1435;4;103;1232
2024;1436;4;104;1267
2024;1437;4;105;855
2024;1438;4;106;977
2024;1439;4;107;1323
2024;1440;4;108;1346
2024;1441;4;109;4941
2024;1442;4;110;1675
2024;1443;4;111;996
2024;1444;4;112;4350
2024;1445;4;113;7427
2024;1446;4;114;840
2024;1447;4;115;4156
2024;1448;5;1;7425
2024;1449;5;2;7656
2024;1450;5;3;4824
2024;1451;5;4;9696
2024;1452;5;5;1258
2024;1453;5;6;1254
2024;1454;5;7;3519
2024;1455;5;8;2813
2024;1456;5;9;3027
2024;1457;5;10;4964
2024;1458;5;11;1022
2024;1459;5;12;2114
2024;1460;5;13;1970
2024;1461;5;14;3518
2024;1462;5;15;1694
2024;1463;5;16;48282
2024;1464;5;17;4706
2024;1465;5;18;3750
2024;1466;5;19;5053
2024;1467;5;20;2379
2024;1468;5;21;5009
2024;1469;5;22;1057
2024;1470;5;23;1475
2024;1471;5;24;4826
2024;1472;5;25;4565
2024;1473;5;26;3564
2024;1474;5;27;3148
2024;1475;5;28;4309
2024;1476;5;29;6544
2024;1477;5;30;5180
2024;1478;5;31;7664
2024;1479;5;32;14241
2024;1480;5;33;22117
2024;1481;5;34;16394
2024;1482;5;35;10331
2024;1483;5;36;13107
2024;1484;5;37;6485
2024;1485;5;38;3527
2024;1486;5;39;6912
2024;1487;5;40;8278
2024;1488;5;41;4383
2024;1489;5;42;3589
2024;1490;5;43;6939
2024;1491;5;44;5434
2024;1492;5;45;2562
2024;1493;5;46;3182
2024;1494;5;47;7765
2024;1495;5;48;2398
2024;1496;5;49;1832
2024;1497;5;50;36069
2024;1498;5;51;11744
2024;1499;5;52;6484
2024;1500;5;53;7708
2024;1501;5;54;10979
2024;1502;5;55;7980
2024;1503;5;56;17696
2024;1504;5;57;3279
2024;1505;5;58;3373
2024;1506;5;59;1541
2024;1507;5;60;12937
2024;1508;5;61;9981
2024;1509;5;62;6650
2024;1510;5;63;4081
2024;1511;5;64;8979
2024;1512;5;65;3716
2024;1513;5;66;1174
2024;1514;5;67;2354
2024;1515;5;68;3426
2024;1516;5;69;1581
2024;1517;5;70;1919
2024;1518;5;71;2461
2024;1519;5;72;2793
2024;1520;5;73;7804
2024;1521;5;74;10228
2024;1522;5;75;4726
2024;1523;5;76;8128
2024;1524;5;77;4936
2024;1525;5;78;693
2024;1526;5;79;787
2024;1527;5;80;2039
2024;1528;5;81;1625
2024;1529;5;82;4171
2024;1530;5;83;2698
2024;1531;5;84;1239
2024;1532;5;85;2262
2024;1533;5;86;10440
2024;1534;5;87;18113
2024;1535;5;88;13162
2024;1536;5;89;13182
2024;1537;5;90;21282
2024;1538;5;91;9850
2024;1539;5;92;4697
2024;1540;5;93;14336
2024;1541;5;94;16234
2024;1542;5;95;13420
2024;1543;5;96;2244
2024;1544;5;97;1409
2024;1545;5;98;7073
2024;1546;5;99;5163
2024;1547;5;100;5964
2024;1548;5;101;1735
2024;1549;5;102;1036
2024;1550;5;103;1140
2024;1551;5;104;1211
2024;1552;5;105;871
2024;1553;5;106;1043
2024;1554;5;107;1213
2024;1555;5;108;1288
2024;1556;5;109;4567
2024;1557;5;110;1359
2024;1558;5;111;870
2024;1559;5;112;4088
2024;1560;5;113;7017
2024;1561;5;114;782
2024;1562;5;115;3902
2024;1563;6;1;8169
2024;1564;6;2;7104
2024;1565;6;3;7392
2024;1566;6;4;13438
2024;1567;6;5;2486
2024;1568;6;6;1186
2024;1569;6;7;3199
2024;1570;6;8;1945
2024;1571;6;9;2491
2024;1572;6;10;9512
2024;1573;6;11;1008
2024;1574;6;12;2030
2024;1575;6;13;1694
2024;1576;6;14;3670
2024;1577;6;15;1768
2024;1578;6;16;46480
2024;1579;6;17;4478
2024;1580;6;18;3862
2024;1581;6;19;4931
2024;1582;6;20;1913
2024;1583;6;21;4707
2024;1584;6;22;1923
2024;1585;6;23;1367
2024;1586;6;24;4876
2024;1587;6;25;4893
2024;1588;6;26;3638
2024;1589;6;27;3198
2024;1590;6;28;4429
2024;1591;6;29;8438
2024;1592;6;30;4872
2024;1593;6;31;9958
2024;1594;6;32;20299
2024;1595;6;33;20637
2024;1596;6;34;23446
2024;1597;6;35;12651
2024;1598;6;36;11617
2024;1599;6;37;5829
2024;1600;6;38;2759
2024;1601;6;39;6048
2024;1602;6;40;14134
2024;1603;6;41;7595
2024;1604;6;42;3551
2024;1605;6;43;6843
2024;1606;6;44;5972
2024;1607;6;45;2586
2024;1608;6;46;3202
2024;1609;6;47;7547
2024;1610;6;48;2536
2024;1611;6;49;1712
2024;1612;6;50;42387
2024;1613;6;51;11320
2024;1614;6;52;6606
2024;1615;6;53;7748
2024;1616;6;54;11373
2024;1617;6;55;8202
2024;1618;6;56;17180
2024;1619;6;57;3265
2024;1620;6;58;3451
2024;1621;6;59;1563
2024;1622;6;60;11871
2024;1623;6;61;10327
2024;1624;6;62;6426
2024;1625;6;63;3979
2024;1626;6;64;9577
2024;1627;6;65;3746
2024;1628;6;66;1158
2024;1629;6;67;2578
2024;1630;6;68;3662
2024;1631;6;69;1489
2024;1632;6;70;2055
2024;1633;6;71;2623
2024;1634;6;72;2869
2024;1635;6;73;8374
2024;1636;6;74;10892
2024;1637;6;75;4150
2024;1638;6;76;7512
2024;1639;6;77;4752
2024;1640;6;78;999
2024;1641;6;79;865
2024;1642;6;80;1851
2024;1643;6;81;1631
2024;1644;6;82;4605
2024;1645;6;83;2788
2024;1646;6;84;1361
2024;1647;6;85;2116
2024;1648;6;86;8764
2024;1649;6;87;17117
2024;1650;6;88;10844
2024;1651;6;89;12466
2024;1652;6;90;19256
2024;1653;6;91;8910
2024;1654;6;92;4381
2024;1655;6;93;13318
2024;1656;6;94;14720
2024;1657;6;95;12144
2024;1658;6;96;2060
2024;1659;6;97;1361
2024;1660;6;98;6667
2024;1661;6;99;4565
2024;1662;6;100;5276
2024;1663;6;101;1791
2024;1664;6;102;1084
2024;1665;6;103;1086
2024;1666;6;104;1129
2024;1667;6;105;991
2024;1668;6;106;1007
2024;1669;6;107;1153
2024;1670;6;108;1192
2024;1671;6;109;4197
2024;1672;6;110;1807
2024;1673;6;111;1052
2024;1674;6;112;3696
2024;1675;6;113;6381
2024;1676;6;114;734
2024;1677;6;115;3342
2024;1678;7;1;9139
2024;1679;7;2;10506
2024;1680;7;3;6182
2024;1681;7;4;12312
2024;1682;7;5;2068
2024;1683;7;6;2008
2024;1684;7;7;2981
2024;1685;7;8;1685
2024;1686;7;9;2181
2024;1687;7;10;8956
2024;1688;7;11;1018
2024;1689;7;12;2384
2024;1690;7;13;2158
2024;1691;7;14;3860
2024;1692;7;15;1904
2024;1693;7;16;45040
2024;1694;7;17;4594
2024;1695;7;18;4516
2024;1696;7;19;5337
2024;1697;7;20;1555
2024;1698;7;21;4377
2024;1699;7;22;1747
2024;1700;7;23;1891
2024;1701;7;24;5000
2024;1702;7;25;4775
2024;1703;7;26;4044
2024;1704;7;27;3576
2024;1705;7;28;4345
2024;1706;7;29;7822
2024;1707;7;30;4220
2024;1708;7;31;9390
2024;1709;7;32;18377
2024;1710;7;33;19031
2024;1711;7;34;22200
2024;1712;7;35;11641
2024;1713;7;36;15631
2024;1714;7;37;7759
2024;1715;7;38;4719
2024;1716;7;39;9138
2024;1717;7;40;13154
2024;1718;7;41;7495
2024;1719;7;42;3739
2024;1720;7;43;7033
2024;1721;7;44;6516
2024;1722;7;45;2698
2024;1723;7;46;3388
2024;1724;7;47;7695
2024;1725;7;48;2698
2024;1726;7;49;1630
2024;1727;7;50;38997
2024;1728;7;51;11972
2024;1729;7;52;6970
2024;1730;7;53;8104
2024;1731;7;54;11793
2024;1732;7;55;8404
2024;1733;7;56;16664
2024;1734;7;57;3513
2024;1735;7;58;3629
2024;1736;7;59;1917
2024;1737;7;60;13311
2024;1738;7;61;10395
2024;1739;7;62;7352
2024;1740;7;63;4111
2024;1741;7;64;9507
2024;1742;7;65;3722
2024;1743;7;66;1298
2024;1744;7;67;2692
2024;1745;7;68;3892
2024;1746;7;69;1561
2024;1747;7;70;1945
2024;1748;7;71;2651
2024;1749;7;72;3259
2024;1750;7;73;8518
2024;1751;7;74;12192
2024;1752;7;75;4840
2024;1753;7;76;7774
2024;1754;7;77;5256
2024;1755;7;78;1231
2024;1756;7;79;1017
2024;1757;7;80;2205
2024;1758;7;81;1755
2024;1759;7;82;5327
2024;1760;7;83;3038
2024;1761;7;84;1669
2024;1762;7;85;2346
2024;1763;7;86;9326
2024;1764;7;87;17127
2024;1765;7;88;11062
2024;1766;7;89;12868
2024;1767;7;90;20688
2024;1768;7;91;10590
2024;1769;7;92;4841
2024;1770;7;93;16186
2024;1771;7;94;14714
2024;1772;7;95;11532
2024;1773;7;96;1928
2024;1774;7;97;1297
2024;1775;7;98;6871
2024;1776;7;99;4301
2024;1777;7;100;4868
2024;1778;7;101;1917
2024;1779;7;102;1180
2024;1780;7;103;1054
2024;1781;7;104;1107
2024;1782;7;105;1185
2024;1783;7;106;1069
2024;1784;7;107;1113
2024;1785;7;108;1152
2024;1786;7;109;3927
2024;1787;7;110;1509
2024;1788;7;111;966
2024;1789;7;112;3310
2024;1790;7;113;5861
2024;1791;7;114;702
2024;1792;7;115;2958
2024;1793;8;1;9173
2024;1794;8;2;9816
2024;1795;8;3;8656
2024;1796;8;4;11524
2024;1797;8;5;1556
2024;1798;8;6;1898
2024;1799;8;7;2601
2024;1800;8;8;5547
2024;1801;8;9;1785
2024;1802;8;10;8384
2024;1803;8;11;1188
2024;1804;8;12;2988
2024;1805;8;13;2578
2024;1806;8;14;4520
2024;1807;8;15;1890
2024;1808;8;16;43044
2024;1809;8;17;4900
2024;1810;8;18;4892
2024;1811;8;19;5719
2024;1812;8;20;3759
2024;1813;8;21;7537
2024;1814;8;22;1657
2024;1815;8;23;1817
2024;1816;8;24;5760
2024;1817;8;25;4937
2024;1818;8;26;4296
2024;1819;8;27;3680
2024;1820;8;28;4813
2024;1821;8;29;7258
2024;1822;8;30;6874
2024;1823;8;31;8954
2024;1824;8;32;17609
2024;1825;8;33;25053
2024;1826;8;34;20608
2024;1827;8;35;10971
2024;1828;8;36;15067
2024;1829;8;37;7031
2024;1830;8;38;4341
2024;1831;8;39;8396
2024;1832;8;40;11824
2024;1833;8;41;7123
2024;1834;8;42;4083
2024;1835;8;43;7497
2024;1836;8;44;7302
2024;1837;8;45;2808
2024;1838;8;46;3488
2024;1839;8;47;7823
2024;1840;8;48;2852
2024;1841;8;49;1806
2024;1842;8;50;37769
2024;1843;8;51;12278
2024;1844;8;52;7090
2024;1845;8;53;8432
2024;1846;8;54;12295
2024;1847;8;55;9034
2024;1848;8;56;16224
2024;1849;8;57;3725
2024;1850;8;58;3819
2024;1851;8;59;2161
2024;1852;8;60;12721
2024;1853;8;61;10793
2024;1854;8;62;8346
2024;1855;8;63;4307
2024;1856;8;64;10623
2024;1857;8;65;4046
2024;1858;8;66;1344
2024;1859;8;67;2538
2024;1860;8;68;4400
2024;1861;8;69;1607
2024;1862;8;70;2191
2024;1863;8;71;2889
2024;1864;8;72;3533
2024;1865;8;73;8710
2024;1866;8;74;14772
2024;1867;8;75;5290
2024;1868;8;76;7828
2024;1869;8;77;5284
2024;1870;8;78;1305
2024;1871;8;79;1323
2024;1872;8;80;2293
2024;1873;8;81;1881
2024;1874;8;82;5603
2024;1875;8;83;3348
2024;1876;8;84;1801
2024;1877;8;85;2442
2024;1878;8;86;8420
2024;1879;8;87;16175
2024;1880;8;88;10102
2024;1881;8;89;11294
2024;1882;8;90;19620
2024;1883;8;91;9964
2024;1884;8;92;4605
2024;1885;8;93;15148
2024;1886;8;94;13816
2024;1887;8;95;10068
2024;1888;8;96;1870
2024;1889;8;97;1297
2024;1890;8;98;6641
2024;1891;8;99;4037
2024;1892;8;100;4062
2024;1893;8;101;2137
2024;1894;8;102;1272
2024;1895;8;103;1016
2024;1896;8;104;1099
2024;1897;8;105;1429
2024;1898;8;106;1205
2024;1899;8;107;1103
2024;1900;8;108;1140
2024;1901;8;109;3797
2024;1902;8;110;2281
2024;1903;8;111;1246
2024;1904;8;112;3024
2024;1905;8;113;5721
2024;1906;8;114;688
2024;1907;8;115;6654
2024;1908;9;1;9663
2024;1909;9;2;9172
2024;1910;9;3;8248
2024;1911;9;4;14766
2024;1912;9;5;3128
2024;1913;9;6;1766
2024;1914;9;7;4545
2024;1915;9;8;4955
2024;1916;9;9;1571
2024;1917;9;10;7534
2024;1918;9;11;1324
2024;1919;9;12;3012
2024;1920;9;13;2886
2024;1921;9;14;4892
2024;1922;9;15;2082
2024;1923;9;16;41442
2024;1924;9;17;5286
2024;1925;9;18;4614
2024;1926;9;19;6255
2024;1927;9;20;3251
2024;1928;9;21;7087
2024;1929;9;22;1597
2024;1930;9;23;1801
2024;1931;9;24;6798
2024;1932;9;25;5145
2024;1933;9;26;4490
2024;1934;9;27;3888
2024;1935;9;28;4865
2024;1936;9;29;9310
2024;1937;9;30;6486
2024;1938;9;31;11916
2024;1939;9;32;22433
2024;1940;9;33;23843
2024;1941;9;34;27844
2024;1942;9;35;16057
2024;1943;9;36;14161
2024;1944;9;37;5883
2024;1945;9;38;3897
2024;1946;9;39;8196
2024;1947;9;40;9942
2024;1948;9;41;6749
2024;1949;9;42;4383
2024;1950;9;43;7509
2024;1951;9;44;7780
2024;1952;9;45;2886
2024;1953;9;46;3484
2024;1954;9;47;8025
2024;1955;9;48;3028
2024;1956;9;49;1692
2024;1957;9;50;44943
2024;1958;9;51;12218
2024;1959;9;52;7742
2024;1960;9;53;8638
2024;1961;9;54;12847
2024;1962;9;55;9532
2024;1963;9;56;15690
2024;1964;9;57;3953
2024;1965;9;58;4079
2024;1966;9;59;2471
2024;1967;9;60;14571
2024;1968;9;61;11107
2024;1969;9;62;8770
2024;1970;9;63;4281
2024;1971;9;64;10997
2024;1972;9;65;3958
2024;1973;9;66;1562
2024;1974;9;67;2720
2024;1975;9;68;4738
2024;1976;9;69;1629
2024;1977;9;70;2317
2024;1978;9;71;2869
2024;1979;9;72;3777
2024;1980;9;73;9008
2024;1981;9;74;17014
2024;1982;9;75;5690
2024;1983;9;76;8358
2024;1984;9;77;5268
2024;1985;9;78;1429
2024;1986;9;79;1579
2024;1987;9;80;2385
2024;1988;9;81;1947
2024;1989;9;82;5591
2024;1990;9;83;3700
2024;1991;9;84;1813
2024;1992;9;85;2534
2024;1993;9;86;6834
2024;1994;9;87;15449
2024;1995;9;88;9368
2024;1996;9;89;9912
2024;1997;9;90;18118
2024;1998;9;91;9436
2024;1999;9;92;4513
2024;2000;9;93;14292
2024;2001;9;94;12886
2024;2002;9;95;9480
2024;2003;9;96;1754
2024;2004;9;97;1271
2024;2005;9;98;6121
2024;2006;9;99;3781
2024;2007;9;100;3570
2024;2008;9;101;2145
2024;2009;9;102;1188
2024;2010;9;103;898
2024;2011;9;104;1049
2024;2012;9;105;1435
2024;2013;9;106;1271
2024;2014;9;107;1005
2024;2015;9;108;1104
2024;2016;9;109;3511
2024;2017;9;110;1773
2024;2018;9;111;1014
2024;2019;9;112;2108
2024;2020;9;113;5091
2024;2021;9;114;580
2024;2022;9;115;5634
2024;2023;10;1;7449
2024;2024;10;2;11364
2024;2025;10;3;9474
2024;2026;10;4;12234
2024;2027;10;5;2260
2024;2028;10;6;1384
2024;2029;10;7;3333
2024;2030;10;8;3671
2024;2031;10;9;3511
2024;2032;10;10;5934
2024;2033;10;11;1208
2024;2034;10;12;1684
2024;2035;10;13;2116
2024;2036;10;14;4180
2024;2037;10;15;1406
2024;2038;10;16;37920
2024;2039;10;17;4112
2024;2040;10;18;3652
2024;2041;10;19;4821
2024;2042;10;20;2407
2024;2043;10;21;6443
2024;2044;10;22;1147
2024;2045;10;23;2135
2024;2046;10;24;5962
2024;2047;10;25;4641
2024;2048;10;26;4172
2024;2049;10;27;3494
2024;2050;10;28;4279
2024;2051;10;29;7864
2024;2052;10;30;4968
2024;2053;10;31;9844
2024;2054;10;32;18453
2024;2055;10;33;19013
2024;2056;10;34;22976
2024;2057;10;35;13497
2024;2058;10;36;16133
2024;2059;10;37;6483
2024;2060;10;38;5165
2024;2061;10;39;10168
2024;2062;10;40;13974
2024;2063;10;41;5697
2024;2064;10;42;4049
2024;2065;10;43;6599
2024;2066;10;44;7512
2024;2067;10;45;2666
2024;2068;10;46;3254
2024;2069;10;47;7489
2024;2070;10;48;2862
2024;2071;10;49;1480
2024;2072;10;50;39485
2024;2073;10;51;10986
2024;2074;10;52;6932
2024;2075;10;53;7698
2024;2076;10;54;11959
2024;2077;10;55;7580
2024;2078;10;56;14400
2024;2079;10;57;3693
2024;2080;10;58;3857
2024;2081;10;59;2155
2024;2082;10;60;12999
2024;2083;10;61;8987
2024;2084;10;62;7284
2024;2085;10;63;4179
2024;2086;10;64;9843
2024;2087;10;65;3158
2024;2088;10;66;1194
2024;2089;10;67;1132
2024;2090;10;68;4088
2024;2091;10;69;1539
2024;2092;10;70;1895
2024;2093;10;71;2607
2024;2094;10;72;3493
2024;2095;10;73;7246
2024;2096;10;74;16064
2024;2097;10;75;3844
2024;2098;10;76;7722
2024;2099;10;77;4090
2024;2100;10;78;-345
2024;2101;10;79;997
2024;2102;10;80;1401
2024;2103;10;81;1425
2024;2104;10;82;3929
2024;2105;10;83;2724
2024;2106;10;84;1393
2024;2107;10;85;1406
2024;2108;10;86;5020
2024;2109;10;87;14939
2024;2110;10;88;8606
2024;2111;10;89;9106
2024;2112;10;90;17468
2024;2113;10;91;8744
2024;2114;10;92;4289
2024;2115;10;93;13300
2024;2116;10;94;11550
2024;2117;10;95;8942
2024;2118;10;96;1966
2024;2119;10;97;1211
2024;2120;10;98;5885
2024;2121;10;99;3539
2024;2122;10;100;2906
2024;2123;10;101;1997
2024;2124;10;102;1226
2024;2125;10;103;798
2024;2126;10;104;915
2024;2127;10;105;1235
2024;2128;10;106;1283
2024;2129;10;107;777
2024;2130;10;108;958
2024;2131;10;109;2615
2024;2132;10;110;2043
2024;2133;10;111;1146
2024;2134;10;112;1402
2024;2135;10;113;4191
2024;2136;10;114;440
2024;2137;10;115;4488
2024;2138;11;1;7595
2024;2139;11;2;10326
2024;2140;11;3;9020
2024;2141;11;4;11644
2024;2142;11;5;1958
2024;2143;11;6;1322
2024;2144;11;7;2905
2024;2145;11;8;3035
2024;2146;11;9;3397
2024;2147;11;10;5776
2024;2148;11;11;1030
2024;2149;11;12;2098
2024;2150;11;13;2538
2024;2151;11;14;4674
2024;2152;11;15;1622
2024;2153;11;16;37632
2024;2154;11;17;4338
2024;2155;11;18;4248
2024;2156;11;19;5537
2024;2157;11;20;2075
2024;2158;11;21;6191
2024;2159;11;22;963
2024;2160;11;23;2063
2024;2161;11;24;6872
2024;2162;11;25;4899
2024;2163;11;26;4410
2024;2164;11;27;3690
2024;2165;11;28;4533
2024;2166;11;29;7284
2024;2167;11;30;4792
2024;2168;11;31;9102
2024;2169;11;32;17597
2024;2170;11;33;24301
2024;2171;11;34;20946
2024;2172;11;35;11693
2024;2173;11;36;15589
2024;2174;11;37;6007
2024;2175;11;38;4821
2024;2176;11;39;9570
2024;2177;11;40;13204
2024;2178;11;41;5435
2024;2179;11;42;4371
2024;2180;11;43;7159
2024;2181;11;44;8128
2024;2182;11;45;2868
2024;2183;11;46;3340
2024;2184;11;47;7943
2024;2185;11;48;3130
2024;2186;11;49;1422
2024;2187;11;50;37609
2024;2188;11;51;11696
2024;2189;11;52;7242
2024;2190;11;53;7886
2024;2191;11;54;12711
2024;2192;11;55;8206
2024;2193;11;56;14376
2024;2194;11;57;4205
2024;2195;11;58;4291
2024;2196;11;59;2571
2024;2197;11;60;14655
2024;2198;11;61;9785
2024;2199;11;62;8154
2024;2200;11;63;4869
2024;2201;11;64;11403
2024;2202;11;65;3494
2024;2203;11;66;1482
2024;2204;11;67;1752
2024;2205;11;68;4992
2024;2206;11;69;1539
2024;2207;11;70;2251
2024;2208;11;71;2845
2024;2209;11;72;3891
2024;2210;11;73;7502
2024;2211;11;74;17814
2024;2212;11;75;4426
2024;2213;11;76;9046
2024;2214;11;77;4498
2024;2215;11;78;103
2024;2216;11;79;1245
2024;2217;11;80;1735
2024;2218;11;81;1527
2024;2219;11;82;4247
2024;2220;11;83;3166
2024;2221;11;84;1689
2024;2222;11;85;1520
2024;2223;11;86;4798
2024;2224;11;87;14827
2024;2225;11;88;8310
2024;2226;11;89;8822
2024;2227;11;90;17318
2024;2228;11;91;8544
2024;2229;11;92;4231
2024;2230;11;93;13038
2024;2231;11;94;11066
2024;2232;11;95;8706
2024;2233;11;96;1966
2024;2234;11;97;1175
2024;2235;11;98;5697
2024;2236;11;99;3391
2024;2237;11;100;2670
2024;2238;11;101;1955
2024;2239;11;102;1362
2024;2240;11;103;732
2024;2241;11;104;909
2024;2242;11;105;1453
2024;2243;11;106;1463
2024;2244;11;107;719
2024;2245;11;108;922
2024;2246;11;109;2395
2024;2247;11;110;1827
2024;2248;11;111;948
2024;2249;11;112;8176
2024;2250;11;113;3831
2024;2251;11;114;400
2024;2252;11;115;4108
2024;2253;12;1;8231
2024;2254;12;2;8804
2024;2255;12;3;11690
2024;2256;12;4;15150
2024;2257;12;5;3106
2024;2258;12;6;2032
2024;2259;12;7;2435
2024;2260;12;8;2921
2024;2261;12;9;3197
2024;2262;12;10;5382
2024;2263;12;11;902
2024;2264;12;12;2254
2024;2265;12;13;2822
2024;2266;12;14;4564
2024;2267;12;15;1546
2024;2268;12;16;35148
2024;2269;12;17;4860
2024;2270;12;18;4250
2024;2271;12;19;5987
2024;2272;12;20;1865
2024;2273;12;21;5835
2024;2274;12;22;895
2022;2275;1;1;2007
2022;2276;1;2;1718
2022;2277;1;3;2100
2022;2278;1;4;4914
2022;2279;1;5;846
2022;2280;1;6;1084
2022;2281;1;7;2107
2022;2282;1;8;1743
2022;2283;1;9;1071
2022;2284;1;10;2502
2022;2285;1;11;618
2022;2286;1;12;1034
2022;2287;1;13;782
2022;2288;1;14;2630
2022;2289;1;15;984
2022;2290;1;16;16632
2022;2291;1;17;3452
2022;2292;1;18;3326
2022;2293;1;19;2533
2022;2294;1;20;1293
2022;2295;1;21;1113
2022;2296;1;22;827
2022;2297;1;23;609
2022;2298;1;24;1870
2022;2299;1;25;1761
2022;2300;1;26;1642
2022;2301;1;27;1256
2022;2302;1;28;1311
2022;2303;1;29;2492
2022;2304;1;30;1596
2022;2305;1;31;2520
2022;2306;1;32;6321
2022;2307;1;33;5999
2022;2308;1;34;4732
2022;2309;1;35;3773
2022;2310;1;36;5575
2022;2311;1;37;2567
2022;2312;1;38;2189
2022;2313;1;39;3092
2022;2314;1;40;5502
2022;2315;1;41;2079
2022;2316;1;63;1075
2022;2317;1;64;3161
2022;2318;1;65;886
2022;2319;1;66;436
2022;2320;1;67;1110
2022;2321;1;68;1712
2022;2322;1;69;421
2022;2323;1;70;695
2022;2324;1;71;681
2022;2325;1;72;645
2022;2326;1;73;1214
2022;2327;1;74;3016
2022;2328;1;75;1362
2022;2329;1;76;2118
2022;2330;1;77;1992
2022;2331;1;78;847
2022;2332;1;79;541
2022;2333;1;80;457
2022;2334;1;81;639
2022;2335;1;82;2977
2022;2336;1;83;1730
2022;2337;1;84;335
2022;2338;1;85;1124
2022;2339;1;86;26300
2022;2340;1;87;32245
2022;2341;1;88;32266
2022;2342;1;89;33358
2022;2343;1;90;49100
2022;2344;1;91;19466
2022;2345;1;92;8149
2022;2346;1;93;36090
2022;2347;1;94;39996
2022;2348;1;95;38120
2022;2349;1;96;2650
2022;2350;1;97;1171
2022;2351;1;98;11933
2022;2352;1;99;7597
2022;2353;1;100;15846
2022;2354;1;101;737
2022;2355;1;102;596
2022;2356;1;103;224
2022;2357;1;104;168
2022;2358;1;105;701
2022;2359;1;106;561
2022;2360;1;107;31
2022;2361;1;108;164
2022;2362;1;109;689
2022;2363;1;110;525
2022;2364;1;111;512
2022;2365;1;112;3500
2022;2366;1;113;3369
2022;2367;1;114;384
2022;2368;1;115;562
2022;2369;2;1;2263
2022;2370;2;2;1558
2022;2371;2;3;2738
2022;2372;2;4;4402
2022;2373;2;5;754
2022;2374;2;6;1048
2022;2375;2;7;1979
2022;2376;2;8;2629
2022;2377;2;9;1055
2022;2378;2;10;2396
2022;2379;2;11;668
2022;2380;2;12;1168
2022;2381;2;13;614
2022;2382;2;14;2626
2022;2383;2;15;796
2022;2384;2;16;16014
2022;2385;2;17;3542
2022;2386;2;18;3412
2022;2387;2;19;2677
2022;2388;2;20;2449
2022;2389;2;21;1997
2022;2390;2;22;811
2022;2391;2;23;519
2022;2392;2;24;1712
2022;2393;2;25;1815
2022;2394;2;26;1810
2022;2395;2;27;1238
2022;2396;2;28;1243
2022;2397;2;29;2370
2022;2398;2;30;1492
2022;2399;2;31;2342
2022;2400;2;32;6063
2022;2401;2;33;7539
2022;2402;2;34;4146
2022;2403;2;35;3379
2022;2404;2;36;4789
2022;2405;2;37;2021
2022;2406;2;38;2037
2022;2407;2;39;2682
2022;2408;2;40;7154
2022;2409;2;41;1857
2022;2410;2;63;1019
2022;2411;2;64;3129
2022;2412;2;65;748
2022;2413;2;66;440
2022;2414;2;67;1140
2022;2415;2;68;1614
2022;2416;2;69;381
2022;2417;2;70;669
2022;2418;2;71;609
2022;2419;2;72;629
2022;2420;2;73;1302
2022;2421;2;74;2852
2022;2422;2;75;1130
2022;2423;2;76;2114
2022;2424;2;77;1874
2022;2425;2;78;1015
2022;2426;2;79;591
2022;2427;2;80;427
2022;2428;2;81;623
2022;2429;2;82;3071
2022;2430;2;83;1646
2022;2431;2;84;283
2022;2432;2;85;1064
2022;2433;2;86;24942
2022;2434;2;87;30837
2022;2435;2;88;31606
2022;2436;2;89;32324
2022;2437;2;90;46354
2022;2438;2;91;18542
2022;2439;2;92;7783
2022;2440;2;93;34862
2022;2441;2;94;39156
2022;2442;2;95;36868
2022;2443;2;96;2512
2022;2444;2;97;1147
2022;2445;2;98;11507
2022;2446;2;99;7327
2022;2447;2;100;15000
2022;2448;2;101;761
2022;2449;2;102;608
2022;2450;2;103;224
2022;2451;2;104;152
2022;2452;2;105;735
2022;2453;2;106;577
2022;2454;2;107;31
2022;2455;2;108;158
2022;2456;2;109;3031
2022;2457;2;110;763
2022;2458;2;111;576
2022;2459;2;112;3500
2022;2460;2;113;3369
2022;2461;2;114;372
2022;2462;2;115;446
2022;2463;3;1;1965
2022;2464;3;2;1066
2022;2465;3;3;2468
2022;2466;3;4;5778
2022;2467;3;5;1174
2022;2468;3;6;1032
2022;2469;3;7;3069
2022;2470;3;8;2349
2022;2471;3;9;805
2022;2472;3;10;2218
2022;2473;3;11;674
2022;2474;3;12;804
2022;2475;3;13;548
2022;2476;3;14;2604
2022;2477;3;15;850
2022;2478;3;16;15444
2022;2479;3;17;3424
2022;2480;3;18;3064
2022;2481;3;19;2751
2022;2482;3;20;2351
2022;2483;3;21;1899
2022;2484;3;22;721
2022;2485;3;23;453
2022;2486;3;24;1624
2022;2487;3;25;1749
2022;2488;3;26;1830
2022;2489;3;27;1214
2022;2490;3;28;1215
2022;2491;3;29;2940
2022;2492;3;30;1472
2022;2493;3;31;3214
2022;2494;3;32;8103
2022;2495;3;33;6943
2022;2496;3;34;6236
2022;2497;3;35;4551
2022;2498;3;36;4619
2022;2499;3;37;1771
2022;2500;3;38;1737
2022;2501;3;39;2424
2022;2502;3;40;6566
2022;2503;3;41;1743
2022;2504;3;63;1071
2022;2505;3;64;3045
2022;2506;3;65;698
2022;2507;3;66;420
2022;2508;3;67;1068
2022;2509;3;68;1686
2022;2510;3;69;329
2022;2511;3;70;627
2022;2512;3;71;649
2022;2513;3;72;571
2022;2514;3;73;1132
2022;2515;3;74;2930
2022;2516;3;75;1124
2022;2517;3;76;2170
2022;2518;3;77;1958
2022;2519;3;78;955
2022;2520;3;79;499
2022;2521;3;80;327
2022;2522;3;81;667
2022;2523;3;82;3245
2022;2524;3;83;1606
2022;2525;3;84;295
2022;2526;3;85;1052
2022;2527;3;86;23088
2022;2528;3;87;27265
2022;2529;3;88;27060
2022;2530;3;89;29268
2022;2531;3;90;42798
2022;2532;3;91;16880
2022;2533;3;92;7053
2022;2534;3;93;31048
2022;2535;3;94;34954
2022;2536;3;95;33556
2022;2537;3;96;2052
2022;2538;3;97;1365
2022;2539;3;98;10347
2022;2540;3;99;6391
2022;2541;3;100;13408
2022;2542;3;101;775
2022;2543;3;102;520
2022;2544;3;103;403
2022;2545;3;104;405
2022;2546;3;105;757
2022;2547;3;106;633
2022;2548;3;107;-31
2022;2549;3;108;416
2022;2550;3;109;2839
2022;2551;3;110;513
2022;2552;3;111;520
2022;2553;3;112;3144
2022;2554;3;113;2975
2022;2555;3;114;334
2022;2556;3;115;2292
2022;2557;4;1;1837
2022;2558;4;2;1330
2022;2559;4;3;2846
2022;2560;4;4;5068
2022;2561;4;5;1050
2022;2562;4;6;954
2022;2563;4;7;2823
2022;2564;4;8;1979
2022;2565;4;9;1749
2022;2566;4;10;2008
2022;2567;4;11;626
2022;2568;4;12;672
2022;2569;4;13;770
2022;2570;4;14;2524
2022;2571;4;15;828
2022;2572;4;16;27088
2022;2573;4;17;3372
2022;2574;4;18;2988
2022;2575;4;19;2475
2022;2576;4;20;1895
2022;2577;4;21;1809
2022;2578;4;22;635
2022;2579;4;23;563
2022;2580;4;24;1578
2022;2581;4;25;1791
2022;2582;4;26;1776
2022;2583;4;27;1244
2022;2584;4;28;1003
2022;2585;4;29;2532
2022;2586;4;30;2240
2022;2587;4;31;2572
2022;2588;4;32;7083
2022;2589;4;33;6417
2022;2590;4;34;4922
2022;2591;4;35;3979
2022;2592;4;36;5081
2022;2593;4;37;2019
2022;2594;4;38;2055
2022;2595;4;39;2898
2022;2596;4;40;5724
2022;2597;4;41;1527
2022;2598;4;63;843
2022;2599;4;64;2981
2022;2600;4;65;770
2022;2601;4;66;474
2022;2602;4;67;1158
2022;2603;4;68;1518
2022;2604;4;69;333
2022;2605;4;70;683
2022;2606;4;71;631
2022;2607;4;72;557
2022;2608;4;73;1022
2022;2609;4;74;2756
2022;2610;4;75;1270
2022;2611;4;76;1996
2022;2612;4;77;1600
2022;2613;4;78;919
2022;2614;4;79;477
2022;2615;4;80;389
2022;2616;4;81;619
2022;2617;4;82;2931
2022;2618;4;83;1650
2022;2619;4;84;243
2022;2620;4;85;1042
2022;2621;4;86;20158
2022;2622;4;87;24011
2022;2623;4;88;23424
2022;2624;4;89;25504
2022;2625;4;90;36980
2022;2626;4;91;14014
2022;2627;4;92;6387
2022;2628;4;93;27400
2022;2629;4;94;30438
2022;2630;4;95;28330
2022;2631;4;96;3412
2022;2632;4;97;1111
2022;2633;4;98;9265
2022;2634;4;99;4981
2022;2635;4;100;11972
2022;2636;4;101;751
2022;2637;4;102;522
2022;2638;4;103;592
2022;2639;4;104;363
2022;2640;4;105;631
2022;2641;4;106;629
2022;2642;4;107;475
2022;2643;4;108;384
2022;2644;4;109;2489
2022;2645;4;110;677
2022;2646;4;111;554
2022;2647;4;112;2912
2022;2648;4;113;2843
2022;2649;4;114;296
2022;2650;4;115;1854
2022;2651;5;1;2397
2022;2652;5;2;752
2022;2653;5;3;2544
2022;2654;5;4;4448
2022;2655;5;5;834
2022;2656;5;6;938
2022;2657;5;7;2617
2022;2658;5;8;1817
2022;2659;5;9;1645
2022;2660;5;10;1826
2022;2661;5;11;585
2022;2662;5;12;884
2022;2663;5;13;1022
2022;2664;5;14;2654
2022;2665;5;15;948
2022;2666;5;16;26192
2022;2667;5;17;3454
2022;2668;5;18;3064
2022;2669;5;19;2509
2022;2670;5;20;1781
2022;2671;5;21;1745
2022;2672;5;22;605
2022;2673;5;23;461
2022;2674;5;24;1672
2022;2675;5;25;1855
2022;2676;5;26;1808
2022;2677;5;27;1298
2022;2678;5;28;1175
2022;2679;5;29;2366
2022;2680;5;30;2128
2022;2681;5;31;2342
2022;2682;5;32;6505
2022;2683;5;33;8203
2022;2684;5;34;4592
2022;2685;5;35;3499
2022;2686;5;36;4491
2022;2687;5;37;1901
2022;2688;5;38;1981
2022;2689;5;39;2728
2022;2690;5;40;4952
2022;2691;5;41;1463
2022;2692;5;63;861
2022;2693;5;64;2831
2022;2694;5;65;794
2022;2695;5;66;456
2022;2696;5;67;1030
2022;2697;5;68;1780
2022;2698;5;69;365
2022;2699;5;70;773
2022;2700;5;71;689
2022;2701;5;72;617
2022;2702;5;73;1234
2022;2703;5;74;2778
2022;2704;5;75;1330
2022;2705;5;76;1906
2022;2706;5;77;1816
2022;2707;5;78;951
2022;2708;5;79;481
2022;2709;5;80;443
2022;2710;5;81;575
2022;2711;5;82;3123
2022;2712;5;83;1742
2022;2713;5;84;323
2022;2714;5;85;1056
2022;2715;5;86;18692
2022;2716;5;87;20333
2022;2717;5;88;19894
2022;2718;5;89;20976
2022;2719;5;90;32106
2022;2720;5;91;12418
2022;2721;5;92;5355
2022;2722;5;93;25034
2022;2723;5;94;26464
2022;2724;5;95;25460
2022;2725;5;96;3042
2022;2726;5;97;1219
2022;2727;5;98;8209
2022;2728;5;99;4265
2022;2729;5;100;10776
2022;2730;5;101;731
2022;2731;5;102;544
2022;2732;5;103;576
2022;2733;5;104;345
2022;2734;5;105;643
2022;2735;5;106;689
2022;2736;5;107;431
2022;2737;5;108;358
2022;2738;5;109;2341
2022;2739;5;110;469
2022;2740;5;111;498
2022;2741;5;112;2544
2022;2742;5;113;2545
2022;2743;5;114;258
2022;2744;5;115;1646
2022;2745;6;1;2799
2022;2746;6;2;254
2022;2747;6;3;2890
2022;2748;6;4;5888
2022;2749;6;5;1162
2022;2750;6;6;1188
2022;2751;6;7;2469
2022;2752;6;8;1679
2022;2753;6;9;1465
2022;2754;6;10;3538
2022;2755;6;11;528
2022;2756;6;12;1060
2022;2757;6;13;858
2022;2758;6;14;2312
2022;2759;6;15;1012
2022;2760;6;16;25340
2022;2761;6;17;3304
2022;2762;6;18;2950
2022;2763;6;19;2669
2022;2764;6;20;1541
2022;2765;6;21;1527
2022;2766;6;22;931
2022;2767;6;23;409
2022;2768;6;24;1834
2022;2769;6;25;1935
2022;2770;6;26;1720
2022;2771;6;27;1300
2022;2772;6;28;1181
2022;2773;6;29;3012
2022;2774;6;30;1850
2022;2775;6;31;3118
2022;2776;6;32;8535
2022;2777;6;33;7435
2022;2778;6;34;6208
2022;2779;6;35;4703
2022;2780;6;36;4151
2022;2781;6;37;1855
2022;2782;6;38;1689
2022;2783;6;39;2312
2022;2784;6;40;6688
2022;2785;6;41;2545
2022;2786;6;63;1037
2022;2787;6;64;2845
2022;2788;6;65;874
2022;2789;6;66;444
2022;2790;6;67;1000
2022;2791;6;68;1478
2022;2792;6;69;331
2022;2793;6;70;705
2022;2794;6;71;647
2022;2795;6;72;623
2022;2796;6;73;954
2022;2797;6;74;2822
2022;2798;6;75;1406
2022;2799;6;76;1916
2022;2800;6;77;1628
2022;2801;6;78;1027
2022;2802;6;79;487
2022;2803;6;80;403
2022;2804;6;81;543
2022;2805;6;82;3103
2022;2806;6;83;1780
2022;2807;6;84;315
2022;2808;6;85;978
2022;2809;6;86;16064
2022;2810;6;87;17175
2022;2811;6;88;17366
2022;2812;6;89;18318
2022;2813;6;90;27102
2022;2814;6;91;10254
2022;2815;6;92;4355
2022;2816;6;93;21804
2022;2817;6;94;22108
2022;2818;6;95;22220
2022;2819;6;96;2734
2022;2820;6;97;1081
2022;2821;6;98;6611
2022;2822;6;99;3623
2022;2823;6;100;9386
2022;2824;6;101;687
2022;2825;6;102;516
2022;2826;6;103;536
2022;2827;6;104;321
2022;2828;6;105;681
2022;2829;6;106;639
2022;2830;6;107;419
2022;2831;6;108;330
2022;2832;6;109;2213
2022;2833;6;110;593
2022;2834;6;111;524
2022;2835;6;112;2352
2022;2836;6;113;5083
2022;2837;6;114;242
2022;2838;6;115;3268
2022;2839;7;1;2641
2022;2840;7;2;1158
2022;2841;7;3;2658
2022;2842;7;4;5308
2022;2843;7;5;950
2022;2844;7;6;1090
2022;2845;7;7;2271
2022;2846;7;8;1395
2022;2847;7;9;1305
2022;2848;7;10;3182
2022;2849;7;11;504
2022;2850;7;12;1108
2022;2851;7;13;1082
2022;2852;7;14;2422
2022;2853;7;15;1070
2022;2854;7;16;24546
2022;2855;7;17;3422
2022;2856;7;18;3056
2022;2857;7;19;2627
2022;2858;7;20;1291
2022;2859;7;21;1391
2022;2860;7;22;859
2022;2861;7;23;521
2022;2862;7;24;1764
2022;2863;7;25;1725
2022;2864;7;26;1856
2022;2865;7;27;1284
2022;2866;7;28;1185
2022;2867;7;29;2426
2022;2868;7;30;1456
2022;2869;7;31;2864
2022;2870;7;32;7233
2022;2871;7;33;6369
2022;2872;7;34;5206
2022;2873;7;35;4131
2022;2874;7;36;5975
2022;2875;7;37;2949
2022;2876;7;38;1987
2022;2877;7;39;2980
2022;2878;7;40;5924
2022;2879;7;41;2277
2022;2880;7;63;881
2022;2881;7;64;2643
2022;2882;7;65;738
2022;2883;7;66;342
2022;2884;7;67;1110
2022;2885;7;68;1398
2022;2886;7;69;347
2022;2887;7;70;621
2022;2888;7;71;567
2022;2889;7;72;703
2022;2890;7;73;952
2022;2891;7;74;2678
2022;2892;7;75;1190
2022;2893;7;76;1710
2022;2894;7;77;1564
2022;2895;7;78;981
2022;2896;7;79;411
2022;2897;7;80;423
2022;2898;7;81;547
2022;2899;7;82;3079
2022;2900;7;83;1844
2022;2901;7;84;159
2022;2902;7;85;922
2022;2903;7;86;20870
2022;2904;7;87;21039
2022;2905;7;88;24458
2022;2906;7;89;28226
2022;2907;7;90;29628
2022;2908;7;91;15440
2022;2909;7;92;6415
2022;2910;7;93;25456
2022;2911;7;94;39482
2022;2912;7;95;25150
2022;2913;7;96;2418
2022;2914;7;97;1173
2022;2915;7;98;11015
2022;2916;7;99;5709
2022;2917;7;100;15030
2022;2918;7;101;679
2022;2919;7;102;576
2022;2920;7;103;510
2022;2921;7;104;307
2022;2922;7;105;735
2022;2923;7;106;695
2022;2924;7;107;411
2022;2925;7;108;310
2022;2926;7;109;2057
2022;2927;7;110;507
2022;2928;7;111;492
2022;2929;7;112;2230
2022;2930;7;113;4837
2022;2931;7;114;226
2022;2932;7;115;3064
2022;2933;8;1;2803
2022;2934;8;2;728
2022;2935;8;3;3098
2022;2936;8;4;5128
2022;2937;8;5;788
2022;2938;8;6;1038
2022;2939;8;7;2215
2022;2940;8;8;3079
2022;2941;8;9;1115
2022;2942;8;10;2982
2022;2943;8;11;664
2022;2944;8;12;1322
2022;2945;8;13;1266
2022;2946;8;14;2482
2022;2947;8;15;1056
2022;2948;8;16;23962
2022;2949;8;17;3448
2022;2950;8;18;3356
2022;2951;8;19;2647
2022;2952;8;20;2995
2022;2953;8;21;2217
2022;2954;8;22;829
2022;2955;8;23;455
2022;2956;8;24;1892
2022;2957;8;25;1773
2022;2958;8;26;1910
2022;2959;8;27;1336
2022;2960;8;28;1275
2022;2961;8;29;2214
2022;2962;8;30;2800
2022;2963;8;31;2524
2022;2964;8;32;6645
2022;2965;8;33;7793
2022;2966;8;34;4884
2022;2967;8;35;3649
2022;2968;8;36;5591
2022;2969;8;37;2771
2022;2970;8;38;1835
2022;2971;8;39;2658
2022;2972;8;40;5856
2022;2973;8;41;2157
2022;2974;8;63;1257
2022;2975;8;64;2855
2022;2976;8;65;934
2022;2977;8;66;474
2022;2978;8;67;1220
2022;2979;8;68;1440
2022;2980;8;69;365
2022;2981;8;70;699
2022;2982;8;71;537
2022;2983;8;72;751
2022;2984;8;73;1018
2022;2985;8;74;3142
2022;2986;8;75;1214
2022;2987;8;76;1924
2022;2988;8;77;1890
2022;2989;8;78;1035
2022;2990;8;79;563
2022;2991;8;80;541
2022;2992;8;81;573
2022;2993;8;82;3479
2022;2994;8;83;1952
2022;2995;8;84;91
2022;2996;8;85;958
2022;2997;8;86;19396
2022;2998;8;87;18585
2022;2999;8;88;21682
2022;3000;8;89;25366
2022;3001;8;90;26930
2022;3002;8;91;13946
2022;3003;8;92;5987
2022;3004;8;93;22256
2022;3005;8;94;35542
2022;3006;8;95;22738
2022;3007;8;96;2032
2022;3008;8;97;1073
2022;3009;8;98;9835
2022;3010;8;99;4937
2022;3011;8;100;13740
2022;3012;8;101;719
2022;3013;8;102;648
2022;3014;8;103;488
2022;3015;8;104;295
2022;3016;8;105;821
2022;3017;8;106;751
2022;3018;8;107;395
2022;3019;8;108;290
2022;3020;8;109;1907
2022;3021;8;110;741
2022;3022;8;111;580
2022;3023;8;112;2096
2022;3024;8;113;4721
2022;3025;8;114;216
2022;3026;8;115;2976
2022;3027;9;1;2285
2022;3028;9;2;500
2022;3029;9;3;2706
2022;3030;9;4;6662
2022;3031;9;5;1324
2022;3032;9;6;910
2022;3033;9;7;3331
2022;3034;9;8;2911
2022;3035;9;9;911
2022;3036;9;10;2648
2022;3037;9;11;744
2022;3038;9;12;1300
2022;3039;9;13;1218
2022;3040;9;14;2600
2022;3041;9;15;1030
2022;3042;9;16;22848
2022;3043;9;17;3432
2022;3044;9;18;3546
2022;3045;9;19;2429
2022;3046;9;20;2821
2022;3047;9;21;1987
2022;3048;9;22;783
2022;3049;9;23;421
2022;3050;9;24;1788
2022;3051;9;25;1581
2022;3052;9;26;1708
2022;3053;9;27;1378
2022;3054;9;28;1373
2022;3055;9;29;3206
2022;3056;9;30;2548
2022;3057;9;31;3366
2022;3058;9;32;8819
2022;3059;9;33;6993
2022;3060;9;34;6958
2022;3061;9;35;5563
2022;3062;9;36;4909
2022;3063;9;37;2447
2022;3064;9;38;1589
2022;3065;9;39;2402
2022;3066;9;40;4904
2022;3067;9;41;1893
2022;3068;9;63;1173
2022;3069;9;64;2627
2022;3070;9;65;686
2022;3071;9;66;664
2022;3072;9;67;1228
2022;3073;9;68;1694
2022;3074;9;69;453
2022;3075;9;70;719
2022;3076;9;71;669
2022;3077;9;72;695
2022;3078;9;73;1118
2022;3079;9;74;3322
2022;3080;9;75;1562
2022;3081;9;76;2372
2022;3082;9;77;2040
2022;3083;9;78;851
2022;3084;9;79;677
2022;3085;9;80;585
2022;3086;9;81;745
2022;3087;9;82;3451
2022;3088;9;83;2044
2022;3089;9;84;115
2022;3090;9;85;1038
2022;3091;9;86;17864
2022;3092;9;87;16763
2022;3093;9;88;20340
2022;3094;9;89;23218
2022;3095;9;90;23604
2022;3096;9;91;13326
2022;3097;9;92;5181
2022;3098;9;93;21076
2022;3099;9;94;32306
2022;3100;9;95;20988
2022;3101;9;96;1802
2022;3102;9;97;1267
2022;3103;9;98;9517
2022;3104;9;99;4421
2022;3105;9;100;12818
2022;3106;9;101;761
2022;3107;9;102;642
2022;3108;9;103;452
2022;3109;9;104;267
2022;3110;9;105;759
2022;3111;9;106;749
2022;3112;9;107;359
2022;3113;9;108;234
2022;3114;9;109;1621
2022;3115;9;110;609
2022;3116;9;111;540
2022;3117;9;112;1744
2022;3118;9;113;4357
2022;3119;9;114;178
2022;3120;9;115;2408
2022;3121;10;1;1689
2022;3122;10;2;628
2022;3123;10;3;2672
2022;3124;10;4;5498
2022;3125;10;5;946
2022;3126;10;6;756
2022;3127;10;7;3061
2022;3128;10;8;2415
2022;3129;10;9;1871
2022;3130;10;10;1992
2022;3131;10;11;538
2022;3132;10;12;828
2022;3133;10;13;792
2022;3134;10;14;2064
2022;3135;10;15;890
2022;3136;10;16;21492
2022;3137;10;17;2832
2022;3138;10;18;3148
2022;3139;10;19;2077
2022;3140;10;20;2431
2022;3141;10;21;1621
2022;3142;10;22;635
2022;3143;10;23;483
2022;3144;10;24;1662
2022;3145;10;25;1605
2022;3146;10;26;1452
2022;3147;10;27;1186
2022;3148;10;28;1181
2022;3149;10;29;2450
2022;3150;10;30;2020
2022;3151;10;31;2714
2022;3152;10;32;6879
2022;3153;10;33;5285
2022;3154;10;34;5410
2022;3155;10;35;4421
2022;3156;10;36;5563
2022;3157;10;37;2969
2022;3158;10;38;2057
2022;3159;10;39;2958
2022;3160;10;40;7264
2022;3161;10;41;1505
2022;3162;10;63;847
2022;3163;10;64;2881
2022;3164;10;65;-166
2022;3165;10;66;468
2022;3166;10;67;920
2022;3167;10;68;1676
2022;3168;10;69;343
2022;3169;10;70;639
2022;3170;10;71;525
2022;3171;10;72;643
2022;3172;10;73;686
2022;3173;10;74;2598
2022;3174;10;75;996
2022;3175;10;76;1966
2022;3176;10;77;1662
2022;3177;10;78;405
2022;3178;10;79;475
2022;3179;10;80;523
2022;3180;10;81;591
2022;3181;10;82;2903
2022;3182;10;83;1572
2022;3183;10;84;463
2022;3184;10;85;1004
2022;3185;10;86;15020
2022;3186;10;87;16763
2022;3187;10;88;20220
2022;3188;10;89;23108
2022;3189;10;90;22948
2022;3190;10;91;13016
2022;3191;10;92;5155
2022;3192;10;93;20990
2022;3193;10;94;32284
2022;3194;10;95;20684
2022;3195;10;96;2042
2022;3196;10;97;1227
2022;3197;10;98;9307
2022;3198;10;99;4221
2022;3199;10;100;10482
2022;3200;10;101;737
2022;3201;10;102;646
2022;3202;10;103;376
2022;3203;10;104;229
2022;3204;10;105;715
2022;3205;10;106;709
2022;3206;10;107;331
2022;3207;10;108;200
2022;3208;10;109;1323
2022;3209;10;110;691
2022;3210;10;111;544
2022;3211;10;112;1318
2022;3212;10;113;4111
2022;3213;10;114;130
2022;3214;10;115;1826
2022;3215;11;1;1829
2022;3216;11;2;2262
2022;3217;11;3;2092
2022;3218;11;4;4960
2022;3219;11;5;888
2022;3220;11;6;1146
2022;3221;11;7;2901
2022;3222;11;8;2119
2022;3223;11;9;1693
2022;3224;11;10;1706
2022;3225;11;11;512
2022;3226;11;12;922
2022;3227;11;13;748
2022;3228;11;14;2300
2022;3229;11;15;840
2022;3230;11;16;21166
2022;3231;11;17;2768
2022;3232;11;18;3108
2022;3233;11;19;2249
2022;3234;11;20;2197
2022;3235;11;21;1513
2022;3236;11;22;571
2022;3237;11;23;457
2022;3238;11;24;1758
2022;3239;11;25;1717
2022;3240;11;26;1488
2022;3241;11;27;1216
2022;3242;11;28;993
2022;3243;11;29;2344
2022;3244;11;30;1680
2022;3245;11;31;2382
2022;3246;11;32;6151
2022;3247;11;33;6745
2022;3248;11;34;5094
2022;3249;11;35;3741
2022;3250;11;36;4685
2022;3251;11;37;2287
2022;3252;11;38;1775
2022;3253;11;39;2468
2022;3254;11;40;6348
2022;3255;11;41;1283
2022;3256;11;63;1065
2022;3257;11;64;3259
2022;3258;11;65;202
2022;3259;11;66;428
2022;3260;11;67;970
2022;3261;11;68;1744
2022;3262;11;69;493
2022;3263;11;70;725
2022;3264;11;71;587
2022;3265;11;72;615
2022;3266;11;73;780
2022;3267;11;74;3084
2022;3268;11;75;1260
2022;3269;11;76;2096
2022;3270;11;77;1654
2022;3271;11;78;469
2022;3272;11;79;533
2022;3273;11;80;549
2022;3274;11;81;615
2022;3275;11;82;2905
2022;3276;11;83;1612
2022;3277;11;84;915
2022;3278;11;85;906
2022;3279;11;86;14268
2022;3280;11;87;16389
2022;3281;11;88;19004
2022;3282;11;89;22748
2022;3283;11;90;22446
2022;3284;11;91;12378
2022;3285;11;92;5133
2022;3286;11;93;20360
2022;3287;11;94;31452
2022;3288;11;95;19430
2022;3289;11;96;1872
2022;3290;11;97;1155
2022;3291;11;98;9267
2022;3292;11;99;4107
2022;3293;11;100;8992
2022;3294;11;101;775
2022;3295;11;102;658
2022;3296;11;103;328
2022;3297;11;104;197
2022;3298;11;105;723
2022;3299;11;106;735
2022;3300;11;107;309
2022;3301;11;108;182
2022;3302;11;109;1211
2022;3303;11;110;455
2022;3304;11;111;498
2022;3305;11;112;5480
2022;3306;11;113;3813
2022;3307;11;114;84
2022;3308;11;115;1608
2022;3309;12;1;2157
2022;3310;12;2;1552
2022;3311;12;3;3396
2022;3312;12;4;6734
2022;3313;12;5;1922
2022;3314;12;6;1122
2022;3315;12;7;2629
2022;3316;12;8;2039
2022;3317;12;9;1453
2022;3318;12;10;1438
2022;3319;12;11;616
2022;3320;12;12;1010
2022;3321;12;13;874
2022;3322;12;14;2436
2022;3323;12;15;1006
2022;3324;12;16;20716
2022;3325;12;17;3002
2022;3326;12;18;3218
2022;3327;12;19;2351
2022;3328;12;20;1955
2022;3329;12;21;1387
2022;3330;12;22;535
2022;3331;12;23;435
2022;3332;12;24;2084
2022;3333;12;25;1713
2022;3334;12;26;1474
2022;3335;12;27;1212
2022;3336;12;28;1427
2022;3337;12;29;3608
2022;3338;12;30;2970
2022;3339;12;31;3114
2022;3340;12;32;7813
2022;3341;12;33;5835
2022;3342;12;34;6772
2022;3343;12;35;5469
2022;3344;12;36;4211
2022;3345;12;37;2243
2022;3346;12;38;1611
2022;3347;12;39;2356
2022;3348;12;40;5010
2022;3349;12;41;1243
2022;3350;12;63;1219
2022;3351;12;64;3461
2022;3352;12;65;758
2022;3353;12;66;416
2022;3354;12;67;1068
2022;3355;12;68;1734
2022;3356;12;69;545
2022;3357;12;70;715
2022;3358;12;71;693
2022;3359;12;72;651
2022;3360;12;73;824
2022;3361;12;74;2986
2022;3362;12;75;1512
2022;3363;12;76;1896
2022;3364;12;77;1884
2022;3365;12;78;617
2022;3366;12;79;511
2022;3367;12;80;587
2022;3368;12;81;571
2022;3369;12;82;2715
2022;3370;12;83;1558
2022;3371;12;84;697
2022;3372;12;85;1068
2022;3373;12;86;13424
2022;3374;12;87;15813
2022;3375;12;88;18692
2022;3376;12;89;21840
2022;3377;12;90;22114
2022;3378;12;91;12250
2022;3379;12;92;4927
2022;3380;12;93;19226
2022;3381;12;94;30936
2022;3382;12;95;18328
2022;3383;12;96;1808
2022;3384;12;97;1115
2022;3385;12;98;8915
2022;3386;12;99;4031
2022;3387;12;100;8356
2022;3388;12;101;909
2022;3389;12;102;688
2022;3390;12;103;300
2022;3391;12;104;175
2022;3392;12;105;737
2022;3393;12;106;819
2022;3394;12;107;287
2022;3395;12;108;168
2022;3396;12;109;1051
2022;3397;12;110;829
2022;3398;12;111;652
2022;3399;12;112;5320
2022;3400;12;113;3571
2022;3401;12;114;46
2022;3402;12;115;1328
2023;3403;1;1;2677
2023;3404;1;2;4760
2023;3405;1;3;2760
2023;3406;1;4;6074
2023;3407;1;5;1658
2023;3408;1;6;1060
2023;3409;1;7;2367
2023;3410;1;8;1725
2023;3411;1;9;1407
2023;3412;1;10;3952
2023;3413;1;11;676
2023;3414;1;12;1138
2023;3415;1;13;1030
2023;3416;1;14;2682
2023;3417;1;15;922
2023;3418;1;16;20096
2023;3419;1;17;2796
2023;3420;1;18;3362
2023;3421;1;19;2147
2023;3422;1;20;1693
2023;3423;1;21;1119
2023;3424;1;22;1187
2023;3425;1;23;757
2023;3426;1;24;2434
2023;3427;1;25;1811
2023;3428;1;26;1584
2023;3429;1;27;1290
2023;3430;1;28;1889
2023;3431;1;29;3178
2023;3432;1;30;2562
2023;3433;1;31;2832
2023;3434;1;32;7099
2023;3435;1;33;5209
2023;3436;1;34;5802
2023;3437;1;35;5025
2023;3438;1;36;7039
2023;3439;1;37;3713
2023;3440;1;38;2619
2023;3441;1;39;4370
2023;3442;1;40;4852
2023;3443;1;41;3525
2023;3444;1;42;3595
2023;3445;1;43;6465
2023;3446;1;44;6432
2023;3447;1;45;1858
2023;3448;1;46;1766
2023;3449;1;47;5397
2023;3450;1;48;1946
2023;3451;1;49;1144
2023;3452;1;50;18315
2023;3453;1;51;9048
2023;3454;1;52;5848
2023;3455;1;53;7340
2023;3456;1;54;7103
2023;3457;1;55;4240
2023;3458;1;56;8140
2023;3459;1;57;1694
2023;3460;1;58;1839
2023;3461;1;59;673
2023;3462;1;60;8129
2023;3463;1;61;7695
2023;3464;1;62;2932
2023;3465;1;63;1479
2023;3466;1;64;3491
2023;3467;1;65;962
2023;3468;1;66;480
2023;3469;1;67;1042
2023;3470;1;68;1688
2023;3471;1;69;459
2023;3472;1;70;797
2023;3473;1;71;843
2023;3474;1;72;725
2023;3475;1;73;922
2023;3476;1;74;3088
2023;3477;1;75;2094
2023;3478;1;76;2104
2023;3479;1;77;1790
2023;3480;1;78;787
2023;3481;1;79;573
2023;3482;1;80;567
2023;3483;1;81;581
2023;3484;1;82;2621
2023;3485;1;83;1724
2023;3486;1;84;477
2023;3487;1;85;1122
2023;3488;1;86;19926
2023;3489;1;87;25943
2023;3490;1;88;25116
2023;3491;1;89;25348
2023;3492;1;90;35326
2023;3493;1;91;17620
2023;3494;1;92;7625
2023;3495;1;93;22336
2023;3496;1;94;33356
2023;3497;1;95;24656
2023;3498;1;96;2104
2023;3499;1;97;1085
2023;3500;1;98;11089
2023;3501;1;99;6463
2023;3502;1;100;13528
2023;3503;1;101;1045
2023;3504;1;102;732
2023;3505;1;103;254
2023;3506;1;104;145
2023;3507;1;105;855
2023;3508;1;106;811
2023;3509;1;107;261
2023;3510;1;108;150
2023;3511;1;109;861
2023;3512;1;110;813
2023;3513;1;111;624
2023;3514;1;112;5108
2023;3515;1;113;6357
2023;3516;1;114;626
2023;3517;1;115;1126
2023;3518;2;1;2921
2023;3519;2;2;4064
2023;3520;2;3;4306
2023;3521;2;4;5866
2023;3522;2;5;1214
2023;3523;2;6;904
2023;3524;2;7;2279
2023;3525;2;8;3873
2023;3526;2;9;1255
2023;3527;2;10;3758
2023;3528;2;11;676
2023;3529;2;12;1014
2023;3530;2;13;1196
2023;3531;2;14;3150
2023;3532;2;15;902
2023;3533;2;16;19380
2023;3534;2;17;3132
2023;3535;2;18;3834
2023;3536;2;19;2405
2023;3537;2;20;3511
2023;3538;2;21;3355
2023;3539;2;22;1085
2023;3540;2;23;631
2023;3541;2;24;2692
2023;3542;2;25;1617
2023;3543;2;26;1656
2023;3544;2;27;1364
2023;3545;2;28;1935
2023;3546;2;29;2812
2023;3547;2;30;2314
2023;3548;2;31;2484
2023;3549;2;32;6473
2023;3550;2;33;9875
2023;3551;2;34;5118
2023;3552;2;35;4765
2023;3553;2;36;6411
2023;3554;2;37;3311
2023;3555;2;38;2277
2023;3556;2;39;4028
2023;3557;2;40;9552
2023;3558;2;41;3295
2023;3559;2;42;3721
2023;3560;2;43;6673
2023;3561;2;44;6636
2023;3562;2;45;1930
2023;3563;2;46;1888
2023;3564;2;47;5729
2023;3565;2;48;2032
2023;3566;2;49;1134
2023;3567;2;50;18133
2023;3568;2;51;9486
2023;3569;2;52;6112
2023;3570;2;53;7228
2023;3571;2;54;7431
2023;3572;2;55;4644
2023;3573;2;56;8000
2023;3574;2;57;1849
2023;3575;2;58;1791
2023;3576;2;59;749
2023;3577;2;60;8019
2023;3578;2;61;7925
2023;3579;2;62;2986
2023;3580;2;63;1951
2023;3581;2;64;4135
2023;3582;2;65;1542
2023;3583;2;66;638
2023;3584;2;67;1034
2023;3585;2;68;1904
2023;3586;2;69;639
2023;3587;2;70;945
2023;3588;2;71;1041
2023;3589;2;72;911
2023;3590;2;73;1324
2023;3591;2;74;3140
2023;3592;2;75;2480
2023;3593;2;76;2492
2023;3594;2;77;2312
2023;3595;2;78;937
2023;3596;2;79;743
2023;3597;2;80;727
2023;3598;2;81;753
2023;3599;2;82;2807
2023;3600;2;83;2026
2023;3601;2;84;401
2023;3602;2;85;1288
2023;3603;2;86;19488
2023;3604;2;87;25395
2023;3605;2;88;24360
2023;3606;2;89;24796
2023;3607;2;90;34620
2023;3608;2;91;17256
2023;3609;2;92;7417
2023;3610;2;93;21870
2023;3611;2;94;32800
2023;3612;2;95;24250
2023;3613;2;96;2104
2023;3614;2;97;1049
2023;3615;2;98;10829
2023;3616;2;99;6419
2023;3617;2;100;13232
2023;3618;2;101;1161
2023;3619;2;102;798
2023;3620;2;103;250
2023;3621;2;104;135
2023;3622;2;105;1005
2023;3623;2;106;853
2023;3624;2;107;261
2023;3625;2;108;138
2023;3626;2;109;4391
2023;3627;2;110;1313
2023;3628;2;111;806
2023;3629;2;112;4914
2023;3630;2;113;6227
2023;3631;2;114;606
2023;3632;2;115;784
2023;3633;3;1;3111
2023;3634;3;2;3436
2023;3635;3;3;3852
2023;3636;3;4;7304
2023;3637;3;5;2212
2023;3638;3;6;780
2023;3639;3;7;3803
2023;3640;3;8;3445
2023;3641;3;9;939
2023;3642;3;10;3474
2023;3643;3;11;558
2023;3644;3;12;1054
2023;3645;3;13;1146
2023;3646;3;14;3054
2023;3647;3;15;890
2023;3648;3;16;18678
2023;3649;3;17;3658
2023;3650;3;18;3368
2023;3651;3;19;2287
2023;3652;3;20;3293
2023;3653;3;21;3109
2023;3654;3;22;1043
2023;3655;3;23;571
2023;3656;3;24;2574
2023;3657;3;25;1635
2023;3658;3;26;1792
2023;3659;3;27;1580
2023;3660;3;28;1877
2023;3661;3;29;4386
2023;3662;3;30;1822
2023;3663;3;31;4612
2023;3664;3;32;11811
2023;3665;3;33;7789
2023;3666;3;34;9238
2023;3667;3;35;7731
2023;3668;3;36;5215
2023;3669;3;37;3107
2023;3670;3;38;1661
2023;3671;3;39;3546
2023;3672;3;40;8602
2023;3673;3;41;2997
2023;3674;3;42;3591
2023;3675;3;43;6397
2023;3676;3;44;6378
2023;3677;3;45;1856
2023;3678;3;46;1886
2023;3679;3;47;5905
2023;3680;3;48;1946
2023;3681;3;49;1064
2023;3682;3;50;25053
2023;3683;3;51;9866
2023;3684;3;52;6162
2023;3685;3;53;7402
2023;3686;3;54;7167
2023;3687;3;55;4692
2023;3688;3;56;7570
2023;3689;3;57;1774
2023;3690;3;58;1831
2023;3691;3;59;857
2023;3692;3;60;9579
2023;3693;3;61;7491
2023;3694;3;62;2760
2023;3695;3;63;2145
2023;3696;3;64;4295
2023;3697;3;65;1966
2023;3698;3;66;724
2023;3699;3;67;1202
2023;3700;3;68;1658
2023;3701;3;69;683
2023;3702;3;70;927
2023;3703;3;71;1179
2023;3704;3;72;1005
2023;3705;3;73;1464
2023;3706;3;74;3356
2023;3707;3;75;2762
2023;3708;3;76;2438
2023;3709;3;77;2806
2023;3710;3;78;1053
2023;3711;3;79;715
2023;3712;3;80;899
2023;3713;3;81;709
2023;3714;3;82;2655
2023;3715;3;83;2132
2023;3716;3;84;179
2023;3717;3;85;1312
2023;3718;3;86;18468
2023;3719;3;87;22709
2023;3720;3;88;22266
2023;3721;3;89;23022
2023;3722;3;90;32272
2023;3723;3;91;15620
2023;3724;3;92;6943
2023;3725;3;93;20330
2023;3726;3;94;29426
2023;3727;3;95;22122
2023;3728;3;96;1856
2023;3729;3;97;1567
2023;3730;3;98;10111
2023;3731;3;99;5655
2023;3732;3;100;12390
2023;3733;3;101;1153
2023;3734;3;102;768
2023;3735;3;103;554
2023;3736;3;104;937
2023;3737;3;105;1011
2023;3738;3;106;847
2023;3739;3;107;967
2023;3740;3;108;1014
2023;3741;3;109;4925
2023;3742;3;110;867
2023;3743;3;111;616
2023;3744;3;112;4142
2023;3745;3;113;5669
2023;3746;3;114;540
2023;3747;3;115;3960
2023;3748;4;1;2939
2023;3749;4;2;5920
2023;3750;4;3;4866
2023;3751;4;4;6602
2023;3752;4;5;1852
2023;3753;4;6;1212
2023;3754;4;7;3333
2023;3755;4;8;3047
2023;3756;4;9;2499
2023;3757;4;10;2610
2023;3758;4;11;480
2023;3759;4;12;714
2023;3760;4;13;1064
2023;3761;4;14;2648
2023;3762;4;15;730
2023;3763;4;16;37662
2023;3764;4;17;3698
2023;3765;4;18;2628
2023;3766;4;19;2147
2023;3767;4;20;2813
2023;3768;4;21;2689
2023;3769;4;22;855
2023;3770;4;23;841
2023;3771;4;24;2426
2023;3772;4;25;1761
2023;3773;4;26;1838
2023;3774;4;27;1578
2023;3775;4;28;1769
2023;3776;4;29;3220
2023;3777;4;30;3314
2023;3778;4;31;3852
2023;3779;4;32;10159
2023;3780;4;33;6205
2023;3781;4;34;7062
2023;3782;4;35;6791
2023;3783;4;36;8241
2023;3784;4;37;4031
2023;3785;4;38;2449
2023;3786;4;39;4642
2023;3787;4;40;7466
2023;3788;4;41;2657
2023;3789;4;42;3271
2023;3790;4;43;6147
2023;3791;4;44;5822
2023;3792;4;45;1676
2023;3793;4;46;1802
2023;3794;4;47;5605
2024;3795;12;23;1985
2024;3796;12;24;7992
2024;3797;12;25;5039
2024;3798;12;26;4544
2024;3799;12;27;3904
2024;3800;12;28;4969
2024;3801;12;29;9260
2024;3802;12;30;7152
2024;3803;12;31;12272
2024;3804;12;32;23061
2024;3805;12;33;23231
2024;3806;12;34;28148
2024;3807;12;35;16939
2024;3808;12;36;13557
2024;3809;12;37;5513
2024;3810;12;38;4387
2024;3811;12;39;9074
2024;3812;12;40;12144
2024;3813;12;41;5193
2024;3814;12;42;4857
2024;3815;12;43;7411
2024;3816;12;44;8922
2024;3817;12;45;2912
2024;3818;12;46;3338
2024;3819;12;47;8519
2024;3820;12;48;3418
2024;3821;12;49;1622
2024;3822;12;50;45455
2024;3823;12;51;12584
2024;3824;12;52;7354
2024;3825;12;53;8464
2024;3826;12;54;13049
2024;3827;12;55;8514
2024;3828;12;56;14006
2024;3829;12;57;4593
2024;3830;12;58;4861
2024;3831;12;59;2953
2024;3832;12;60;14109
2024;3833;12;61;10025
2024;3834;12;62;8552
2024;3835;12;63;5241
2024;3836;12;64;12605
2024;3837;12;65;3926
2024;3838;12;66;1694
2024;3839;12;67;1790
2024;3840;12;68;5724
2024;3841;12;69;1451
2024;3842;12;70;2645
2024;3843;12;71;3043
2024;3844;12;72;4197
2024;3845;12;73;7894
2024;3846;12;74;19542
2024;3847;12;75;4962
2024;3848;12;76;10724
2024;3849;12;77;4422
2024;3850;12;78;645
2024;3851;12;79;1579
2024;3852;12;80;1979
2024;3853;12;81;1741
2024;3854;12;82;4247
2024;3855;12;83;3402
2024;3856;12;84;1799
2024;3857;12;85;1818
2024;3858;12;86;4194
2024;3859;12;87;14449
2024;3860;12;88;7478
2024;3861;12;89;8560
2024;3862;12;90;16804
2024;3863;12;91;8450
2024;3864;12;92;4193
2024;3865;12;93;12674
2024;3866;12;94;10030
2024;3867;12;95;7886
2024;3868;12;96;1966
2024;3869;12;97;1139
2024;3870;12;98;5659
2024;3871;12;99;3295
2024;3872;12;100;2354
2024;3873;12;101;2037
2024;3874;12;102;1510
2024;3875;12;103;670
2024;3876;12;104;853
2024;3877;12;105;1581
2024;3878;12;106;1553
2024;3879;12;107;673
2024;3880;12;108;862
2024;3881;12;109;2065
2024;3882;12;110;2425
2024;3883;12;111;1128
2024;3884;12;112;7810
2024;3885;12;113;3485
2024;3886;12;114;350
2024;3887;12;115;3310
