FORECAST_ID,PRODUCT_NUMBER,YEAR,MONTH,EXPECTED_VOLUME
1,44,2024,12,383
2,45,2023,1,80
3,45,2023,2,51
4,45,2023,3,214
5,45,2023,4,300
6,45,2023,5,141
7,45,2023,6,210
8,45,2023,7,133
9,45,2023,8,223
10,45,2023,9,98
11,45,2023,10,211
12,45,2023,11,53
13,45,2023,12,90
14,45,2024,1,71
15,45,2024,2,72
16,45,2024,3,234
17,45,2024,4,184
18,45,2024,5,116
19,45,2024,6,204
20,45,2024,7,113
21,45,2024,8,122
22,45,2024,9,166
23,45,2024,10,368
24,45,2024,11,38
25,45,2024,12,218
26,46,2023,1,76
27,46,2023,2,34
28,46,2023,3,158
29,46,2023,4,224
30,46,2023,5,275
31,46,2023,6,159
32,46,2023,7,72
33,46,2023,8,105
34,46,2023,9,124
35,46,2023,10,249
36,46,2023,11,35
37,46,2023,12,84
38,46,2024,1,19
39,46,2024,2,62
40,46,2024,3,127
41,46,2024,4,107
42,46,2024,5,192
43,46,2024,6,205
44,46,2024,7,52
45,46,2024,8,128
46,46,2024,9,235
47,46,2024,10,380
48,46,2024,11,154
49,46,2024,12,218
50,47,2023,1,102
51,47,2023,2,130
52,47,2023,3,389
53,47,2023,4,841
54,47,2023,5,444
55,47,2023,6,664
56,47,2023,7,429
57,47,2023,8,282
58,47,2023,9,286
59,47,2023,10,781
60,47,2023,11,118
61,47,2023,12,468
62,47,2024,1,200
63,47,2024,2,119
64,47,2024,3,402
65,47,2024,4,730
66,47,2024,5,349
67,47,2024,6,698
68,47,2024,7,378
69,47,2024,8,418
70,47,2024,9,611
71,47,2024,10,1199
72,47,2024,11,408
73,47,2024,12,240
74,48,2023,1,62
75,48,2023,2,36
76,48,2023,3,187
77,48,2023,4,128
78,48,2023,5,79
79,48,2023,6,93
80,48,2023,7,182
81,48,2023,8,57
82,48,2023,9,278
83,48,2023,10,459
84,48,2023,11,181
85,48,2023,12,91
86,48,2024,1,78
87,48,2024,2,117
88,48,2024,3,259
89,48,2024,4,264
90,48,2024,5,193
91,48,2024,6,179
92,48,2024,7,194
93,48,2024,8,196
94,48,2024,9,174
95,48,2024,10,428
96,48,2024,11,88
97,48,2024,12,76
98,49,2023,1,35
99,49,2023,2,10
100,49,2023,3,55
101,49,2023,4,244
102,49,2023,5,100
103,49,2023,6,110
104,49,2023,7,90
105,49,2023,8,89
106,49,2023,9,90
107,49,2023,10,205
108,49,2023,11,97
109,49,2023,12,35
110,49,2024,1,50
111,49,2024,2,21
112,49,2024,3,111
113,49,2024,4,59
114,49,2024,5,135
115,49,2024,6,126
116,49,2024,7,61
117,49,2024,8,104
118,49,2024,9,121
119,49,2024,10,178
120,49,2024,11,58
121,49,2024,12,79
122,50,2023,1,1001
123,50,2023,2,201
124,50,2023,3,1778
125,50,2023,4,3060
126,50,2023,5,1459
127,50,2023,6,2239
128,50,2023,7,1453
129,50,2023,8,1390
130,50,2023,9,2300
131,50,2023,10,2468
132,50,2023,11,487
133,50,2023,12,998
134,50,2024,1,781
135,50,2024,2,304
136,50,2024,3,1423
137,50,2024,4,1834
138,50,2024,5,1832
139,50,2024,6,2374
140,50,2024,7,2943
141,50,2024,8,1253
142,50,2024,9,1440
143,50,2024,10,5024
144,50,2024,11,1762
145,50,2024,12,677
146,51,2023,1,452
147,51,2023,2,157
148,51,2023,3,608
149,51,2023,4,898
150,51,2023,5,689
151,51,2023,6,1424
152,51,2023,7,474
153,51,2023,8,522
154,51,2023,9,612
155,51,2023,10,1966
156,51,2023,11,247
157,51,2023,12,543
158,51,2024,1,559
159,51,2024,2,266
160,51,2024,3,1133
161,51,2024,4,1003
162,51,2024,5,679
163,51,2024,6,1453
164,51,2024,7,293
165,51,2024,8,715
166,51,2024,9,959
167,51,2024,10,1991
168,51,2024,11,535
169,51,2024,12,293
170,52,2023,1,324
171,52,2023,2,238
172,52,2023,3,386
173,52,2023,4,1032
174,52,2023,5,218
175,52,2023,6,446
176,52,2023,7,275
177,52,2023,8,377
178,52,2023,9,300
179,52,2023,10,1539
180,52,2023,11,341
181,52,2023,12,295
182,52,2024,1,123
183,52,2024,2,180
184,52,2024,3,363
185,52,2024,4,647
186,52,2024,5,373
187,52,2024,6,606
188,52,2024,7,390
189,52,2024,8,701
190,52,2024,9,70
191,52,2024,10,1466
192,52,2024,11,511
193,52,2024,12,640
194,53,2023,1,163
195,53,2023,2,728
196,53,2023,3,476
197,53,2023,4,943
198,53,2023,5,252
199,53,2023,6,500
200,53,2023,7,664
201,53,2023,8,260
202,53,2023,9,724
203,53,2023,10,1459
204,53,2023,11,435
205,53,2023,12,395
206,53,2024,1,99
207,53,2024,2,281
208,53,2024,3,1038
209,53,2024,4,1337
210,53,2024,5,509
211,53,2024,6,787
212,53,2024,7,514
213,53,2024,8,641
214,53,2024,9,664
215,53,2024,10,1817
216,53,2024,11,755
217,53,2024,12,414
218,54,2023,1,313
219,54,2023,2,31
220,54,2023,3,513
221,54,2023,4,1058
222,54,2023,5,396
223,54,2023,6,474
224,54,2023,7,429
225,54,2023,8,465
226,54,2023,9,633
227,54,2023,10,1376
228,54,2023,11,584
229,54,2023,12,465
230,54,2024,1,63
231,54,2024,2,56
232,54,2024,3,521
233,54,2024,4,1182
234,54,2024,5,639
235,54,2024,6,660
236,54,2024,7,568
237,54,2024,8,510
238,54,2024,9,503
239,54,2024,10,1581
240,54,2024,11,381
241,54,2024,12,719
242,55,2023,1,514
243,55,2023,2,310
244,55,2023,3,585
245,55,2023,4,1217
246,55,2023,5,886
247,55,2023,6,1175
248,55,2023,7,738
249,55,2023,8,634
250,55,2023,9,784
251,55,2023,10,2335
252,55,2023,11,359
253,55,2023,12,390
254,55,2024,1,65
255,55,2024,2,303
256,55,2024,3,1432
257,55,2024,4,1653
258,55,2024,5,824
259,55,2024,6,917
260,55,2024,7,980
261,55,2024,8,533
262,55,2024,9,598
263,55,2024,10,2911
264,55,2024,11,609
265,55,2024,12,830
266,56,2023,1,150
267,56,2023,2,127
268,56,2023,3,354
269,56,2023,4,502
270,56,2023,5,530
271,56,2023,6,620
272,56,2023,7,426
273,56,2023,8,188
274,56,2023,9,289
275,56,2023,10,824
276,56,2023,11,171
277,56,2023,12,562
278,56,2024,1,317
279,56,2024,2,82
280,56,2024,3,456
281,56,2024,4,667
282,56,2024,5,447
283,56,2024,6,479
284,56,2024,7,515
285,56,2024,8,385
286,56,2024,9,440
287,56,2024,10,1074
288,56,2024,11,35
289,56,2024,12,355
290,57,2023,1,149
291,57,2023,2,116
292,57,2023,3,277
293,57,2023,4,436
294,57,2023,5,356
295,57,2023,6,341
296,57,2023,7,348
297,57,2023,8,217
298,57,2023,9,502
299,57,2023,10,726
300,57,2023,11,110
301,57,2023,12,120
302,57,2024,1,100
303,57,2024,2,91
304,57,2024,3,494
305,57,2024,4,830
306,57,2024,5,202
307,57,2024,6,597
308,57,2024,7,323
309,57,2024,8,248
310,57,2024,9,253
311,57,2024,10,765
312,57,2024,11,86
313,57,2024,12,182
314,58,2023,1,138
315,58,2023,2,252
316,58,2023,3,384
317,58,2023,4,577
318,58,2023,5,293
319,58,2023,6,456
320,58,2023,7,297
321,58,2023,8,248
322,58,2023,9,434
323,58,2023,10,1305
324,58,2023,11,365
325,58,2023,12,422
326,58,2024,1,167
327,58,2024,2,96
328,58,2024,3,525
329,58,2024,4,468
330,58,2024,5,596
331,58,2024,6,658
332,58,2024,7,562
333,58,2024,8,554
334,58,2024,9,489
335,58,2024,10,844
336,58,2024,11,404
337,58,2024,12,257
338,59,2023,1,166
339,59,2023,2,136
340,59,2023,3,329
341,59,2023,4,397
342,59,2023,5,123
343,59,2023,6,389
344,59,2023,7,295
345,59,2023,8,220
346,59,2023,9,226
347,59,2023,10,818
348,59,2023,11,111
349,59,2023,12,106
350,59,2024,1,85
351,59,2024,2,91
352,59,2024,3,416
353,59,2024,4,568
354,59,2024,5,337
355,59,2024,6,348
356,59,2024,7,264
357,59,2024,8,251
358,59,2024,9,185
359,59,2024,10,863
360,59,2024,11,171
361,59,2024,12,151
362,60,2023,1,477
363,60,2023,2,108
364,60,2023,3,748
365,60,2023,4,842
366,60,2023,5,520
367,60,2023,6,866
368,60,2023,7,972
369,60,2023,8,538
370,60,2023,9,729
371,60,2023,10,1155
372,60,2023,11,543
373,60,2023,12,426
374,60,2024,1,93
375,60,2024,2,522
376,60,2024,3,448
377,60,2024,4,1612
378,60,2024,5,592
379,60,2024,6,997
380,60,2024,7,861
381,60,2024,8,600
382,60,2024,9,490
383,60,2024,10,1342
384,60,2024,11,717
385,60,2024,12,486
386,61,2023,1,362
387,61,2023,2,329
388,61,2023,3,916
389,61,2023,4,1570
390,61,2023,5,1059
391,61,2023,6,1009
392,61,2023,7,1024
393,61,2023,8,721
394,61,2023,9,663
395,61,2023,10,1412
396,61,2023,11,510
397,61,2023,12,697
398,61,2024,1,632
399,61,2024,2,397
400,61,2024,3,1568
401,61,2024,4,1891
402,61,2024,5,306
403,61,2024,6,777
404,61,2024,7,1156
405,61,2024,8,761
406,61,2024,9,833
407,61,2024,10,3078
408,61,2024,11,446
409,61,2024,12,828
410,62,2023,1,218
411,62,2023,2,456
412,62,2023,3,834
413,62,2023,4,1475
414,62,2023,5,633
415,62,2023,6,1451
416,62,2023,7,1001
417,62,2023,8,539
418,62,2023,9,653
419,62,2023,10,2359
420,62,2023,11,566
421,62,2023,12,765
422,62,2024,1,945
423,62,2024,2,45
424,62,2024,3,1010
425,62,2024,4,1820
426,62,2024,5,802
427,62,2024,6,1731
428,62,2024,7,555
429,62,2024,8,392
430,62,2024,9,668
431,62,2024,10,2592
432,62,2024,11,642
433,62,2024,12,903
434,63,2022,1,166
435,63,2022,2,131
436,63,2022,3,118
437,63,2022,4,613
438,63,2022,5,343
439,63,2022,6,480
440,63,2022,7,754
441,63,2022,8,111
442,63,2022,9,518
443,63,2022,10,954
444,63,2022,11,101
445,63,2022,12,130
446,63,2023,1,313
447,63,2023,2,130
448,63,2023,3,442
449,63,2023,4,717
450,63,2023,5,338
451,63,2023,6,605
452,63,2023,7,716
453,63,2023,8,330
454,63,2023,9,493
455,63,2023,10,912
456,63,2023,11,159
457,63,2023,12,182
458,63,2024,1,293
459,63,2024,2,163
460,63,2024,3,362
461,63,2024,4,957
462,63,2024,5,253
463,63,2024,6,937
464,63,2024,7,641
465,63,2024,8,606
466,63,2024,9,902
467,63,2024,10,1045
468,63,2024,11,106
469,63,2024,12,286
470,64,2022,1,391
471,64,2022,2,183
472,64,2022,3,591
473,64,2022,4,646
474,64,2022,5,511
475,64,2022,6,653
476,64,2022,7,783
477,64,2022,8,798
478,64,2022,9,1226
479,64,2022,10,2189
480,64,2022,11,403
481,64,2022,12,632
482,64,2023,1,812
483,64,2023,2,337
484,64,2023,3,921
485,64,2023,4,1139
486,64,2023,5,1015
487,64,2023,6,1278
488,64,2023,7,1115
489,64,2023,8,1137
490,64,2023,9,1489
491,64,2023,10,2828
492,64,2023,11,848
493,64,2023,12,264
494,64,2024,1,246
495,64,2024,2,195
496,64,2024,3,1815
497,64,2024,4,2630
498,64,2024,5,430
499,64,2024,6,1383
500,64,2024,7,1917
501,64,2024,8,812
502,64,2024,9,1271
503,64,2024,10,3280
504,64,2024,11,450
505,64,2024,12,853
506,65,2022,1,227
507,65,2022,2,254
508,65,2022,3,286
509,65,2022,4,289
510,65,2022,5,352
511,65,2022,6,340
512,65,2022,7,598
513,65,2022,8,197
514,65,2022,9,641
515,65,2022,10,1555
516,65,2022,11,292
517,65,2022,12,261
518,65,2023,1,625
519,65,2023,2,211
520,65,2023,3,368
521,65,2023,4,1252
522,65,2023,5,168
523,65,2023,6,680
524,65,2023,7,570
525,65,2023,8,259
526,65,2023,9,1100
527,65,2023,10,1515
528,65,2023,11,418
529,65,2023,12,513
530,65,2024,1,382
531,65,2024,2,101
532,65,2024,3,860
533,65,2024,4,1350
534,65,2024,5,618
535,65,2024,6,806
536,65,2024,7,799
537,65,2024,8,520
538,65,2024,9,1011
539,65,2024,10,1679
540,65,2024,11,666
541,65,2024,12,400
542,66,2022,1,65
543,66,2022,2,81
544,66,2022,3,131
545,66,2022,4,43
546,66,2022,5,136
547,66,2022,6,87
548,66,2022,7,181
549,66,2022,8,65
550,66,2022,9,126
551,66,2022,10,491
552,66,2022,11,91
553,66,2022,12,98
554,66,2023,1,148
555,66,2023,2,41
556,66,2023,3,128
557,66,2023,4,294
558,66,2023,5,164
559,66,2023,6,321
560,66,2023,7,153
561,66,2023,8,133
562,66,2023,9,365
563,66,2023,10,533
564,66,2023,11,173
565,66,2023,12,152
566,66,2024,1,128
567,66,2024,2,253
568,66,2024,3,404
569,66,2024,4,175
570,66,2024,5,272
571,66,2024,6,326
572,66,2024,7,155
573,66,2024,8,273
574,66,2024,9,185
575,66,2024,10,713
576,66,2024,11,109
577,66,2024,12,175
578,67,2022,1,124
579,67,2022,2,73
580,67,2022,3,230
581,67,2022,4,173
582,67,2022,5,374
583,67,2022,6,275
584,67,2022,7,226
585,67,2022,8,184
586,67,2022,9,252
587,67,2022,10,563
588,67,2022,11,189
589,67,2022,12,227
590,67,2023,1,367
591,67,2023,2,112
592,67,2023,3,368
593,67,2023,4,479
594,67,2023,5,366
595,67,2023,6,741
596,67,2023,7,566
597,67,2023,8,491
598,67,2023,9,754
599,67,2023,10,1689
600,67,2023,11,415
601,67,2023,12,254
602,67,2024,1,53
603,67,2024,2,206
604,67,2024,3,452
605,67,2024,4,779
606,67,2024,5,560
607,67,2024,6,725
608,67,2024,7,864
609,67,2024,8,1158
610,67,2024,9,867
611,67,2024,10,2858
612,67,2024,11,297
613,67,2024,12,692
614,68,2022,1,483
615,68,2022,2,293
616,68,2022,3,305
617,68,2022,4,610
618,68,2022,5,106
619,68,2022,6,817
620,68,2022,7,579
621,68,2022,8,378
622,68,2022,9,287
623,68,2022,10,625
624,68,2022,11,292
625,68,2022,12,353
626,68,2023,1,359
627,68,2023,2,184
628,68,2023,3,651
629,68,2023,4,834
630,68,2023,5,550
631,68,2023,6,1048
632,68,2023,7,842
633,68,2023,8,445
634,68,2023,9,621
635,68,2023,10,1246
636,68,2023,11,340
637,68,2023,12,604
638,68,2024,1,712
639,68,2024,2,447
640,68,2024,3,638
641,68,2024,4,1461
642,68,2024,5,619
643,68,2024,6,913
644,68,2024,7,938
645,68,2024,8,713
646,68,2024,9,647
647,68,2024,10,1807
648,68,2024,11,330
649,68,2024,12,499
650,69,2022,1,24
651,69,2022,2,60
652,69,2022,3,162
653,69,2022,4,112
654,69,2022,5,79
655,69,2022,6,123
656,69,2022,7,100
657,69,2022,8,78
658,69,2022,9,65
659,69,2022,10,383
660,69,2022,11,42
661,69,2022,12,38
662,69,2023,1,150
663,69,2023,2,163
664,69,2023,3,170
665,69,2023,4,252
666,69,2023,5,145
667,69,2023,6,186
668,69,2023,7,176
669,69,2023,8,173
670,69,2023,9,127
671,69,2023,10,308
672,69,2023,11,113
673,69,2023,12,39
674,69,2024,1,32
675,69,2024,2,75
676,69,2024,3,29
677,69,2024,4,182
678,69,2024,5,168
679,69,2024,6,177
680,69,2024,7,25
681,69,2024,8,58
682,69,2024,9,53
683,69,2024,10,202
684,69,2024,11,47
685,69,2024,12,131
686,70,2022,1,35
687,70,2022,2,143
688,70,2022,3,227
689,70,2022,4,118
690,70,2022,5,135
691,70,2022,6,234
692,70,2022,7,204
693,70,2022,8,127
694,70,2022,9,252
695,70,2022,10,559
696,70,2022,11,45
697,70,2022,12,103
698,70,2023,1,106
699,70,2023,2,18
700,70,2023,3,193
701,70,2023,4,345
702,70,2023,5,93
703,70,2023,6,409
704,70,2023,7,270
705,70,2023,8,206
706,70,2023,9,227
707,70,2023,10,648
708,70,2023,11,248
709,70,2023,12,209
710,70,2024,1,134
711,70,2024,2,227
712,70,2024,3,483
713,70,2024,4,359
714,70,2024,5,389
715,70,2024,6,262
716,70,2024,7,551
717,70,2024,8,212
718,70,2024,9,350
719,70,2024,10,876
720,70,2024,11,130
721,70,2024,12,103
722,71,2022,1,79
723,71,2022,2,99
724,71,2022,3,131
725,71,2022,4,208
726,71,2022,5,128
727,71,2022,6,151
728,71,2022,7,243
729,71,2022,8,199
730,71,2022,9,79
731,71,2022,10,365
732,71,2022,11,107
733,71,2022,12,112
734,71,2023,1,163
735,71,2023,2,105
736,71,2023,3,174
737,71,2023,4,533
738,71,2023,5,215
739,71,2023,6,301
740,71,2023,7,253
741,71,2023,8,250
742,71,2023,9,424
743,71,2023,10,337
744,71,2023,11,96
745,71,2023,12,88
746,71,2024,1,167
747,71,2024,2,357
748,71,2024,3,336
749,71,2024,4,395
750,71,2024,5,101
751,71,2024,6,226
752,71,2024,7,340
753,71,2024,8,151
754,71,2024,9,510
755,71,2024,10,669
756,71,2024,11,166
757,71,2024,12,79
758,72,2022,1,141
759,72,2022,2,126
760,72,2022,3,209
761,72,2022,4,238
762,72,2022,5,167
763,72,2022,6,102
764,72,2022,7,79
765,72,2022,8,81
766,72,2022,9,107
767,72,2022,10,191
768,72,2022,11,157
769,72,2022,12,171
770,72,2023,1,154
771,72,2023,2,46
772,72,2023,3,292
773,72,2023,4,387
774,72,2023,5,429
775,72,2023,6,348
776,72,2023,7,265
777,72,2023,8,116
778,72,2023,9,206
779,72,2023,10,606
780,72,2023,11,88
781,72,2023,12,73
782,72,2024,1,123
783,72,2024,2,89
784,72,2024,3,249
785,72,2024,4,549
786,72,2024,5,209
787,72,2024,6,498
788,72,2024,7,225
789,72,2024,8,393
790,72,2024,9,339
791,72,2024,10,854
792,72,2024,11,221
793,72,2024,12,295
794,73,2022,1,46
795,73,2022,2,70
796,73,2022,3,278
797,73,2022,4,272
798,73,2022,5,94
799,73,2022,6,613
800,73,2022,7,370
801,73,2022,8,204
802,73,2022,9,498
803,73,2022,10,1026
804,73,2022,11,220
805,73,2022,12,297
806,73,2023,1,215
807,73,2023,2,203
808,73,2023,3,472
809,73,2023,4,591
810,73,2023,5,283
811,73,2023,6,356
812,73,2023,7,431
813,73,2023,8,439
814,73,2023,9,375
815,73,2023,10,1334
816,73,2023,11,333
817,73,2023,12,241
818,73,2024,1,454
819,73,2024,2,347
820,73,2024,3,171
821,73,2024,4,385
822,73,2024,5,547
823,73,2024,6,597
824,73,2024,7,413
825,73,2024,8,436
826,73,2024,9,399
827,73,2024,10,2265
828,73,2024,11,321
829,73,2024,12,217
830,74,2022,1,516
831,74,2022,2,446
832,74,2022,3,645
833,74,2022,4,1044
834,74,2022,5,654
835,74,2022,6,1011
836,74,2022,7,1046
837,74,2022,8,417
838,74,2022,9,739
839,74,2022,10,2368
840,74,2022,11,500
841,74,2022,12,452
842,74,2023,1,461
843,74,2023,2,313
844,74,2023,3,1073
845,74,2023,4,1982
846,74,2023,5,788
847,74,2023,6,965
848,74,2023,7,1695
849,74,2023,8,786
850,74,2023,9,953
851,74,2023,10,3454
852,74,2023,11,615
853,74,2023,12,291
854,74,2024,1,391
855,74,2024,2,918
856,74,2024,3,910
857,74,2024,4,1968
858,74,2024,5,1164
859,74,2024,6,1756
860,74,2024,7,1135
861,74,2024,8,1088
862,74,2024,9,1305
863,74,2024,10,4280
864,74,2024,11,625
865,74,2024,12,701
866,75,2022,1,267
867,75,2022,2,302
868,75,2022,3,358
869,75,2022,4,572
870,75,2022,5,297
871,75,2022,6,273
872,75,2022,7,482
873,75,2022,8,185
874,75,2022,9,197
875,75,2022,10,988
876,75,2022,11,389
877,75,2022,12,195
878,75,2023,1,212
879,75,2023,2,265
880,75,2023,3,578
881,75,2023,4,1392
882,75,2023,5,715
883,75,2023,6,632
884,75,2023,7,663
885,75,2023,8,758
886,75,2023,9,1131
887,75,2023,10,1897
888,75,2023,11,575
889,75,2023,12,202
890,75,2024,1,1032
891,75,2024,2,754
892,75,2024,3,1108
893,75,2024,4,1414
894,75,2024,5,651
895,75,2024,6,1887
896,75,2024,7,469
897,75,2024,8,897
898,75,2024,9,753
899,75,2024,10,3079
900,75,2024,11,584
901,75,2024,12,545
902,76,2022,1,397
903,76,2022,2,173
904,76,2022,3,367
905,76,2022,4,529
906,76,2022,5,444
907,76,2022,6,403
908,76,2022,7,875
909,76,2022,8,423
910,76,2022,9,555
911,76,2022,10,1751
912,76,2022,11,267
913,76,2022,12,482
914,76,2023,1,373
915,76,2023,2,115
916,76,2023,3,717
917,76,2023,4,1220
918,76,2023,5,396
919,76,2023,6,1048
920,76,2023,7,1199
921,76,2023,8,723
922,76,2023,9,1110
923,76,2023,10,2490
924,76,2023,11,464
925,76,2023,12,233
926,76,2024,1,379
927,76,2024,2,319
928,76,2024,3,680
929,76,2024,4,1434
930,76,2024,5,532
931,76,2024,6,1739
932,76,2024,7,795
933,76,2024,8,1008
934,76,2024,9,1223
935,76,2024,10,2924
936,76,2024,11,654
937,76,2024,12,345
938,77,2022,1,219
939,77,2022,2,381
940,77,2022,3,243
941,77,2022,4,954
942,77,2022,5,391
943,77,2022,6,912
944,77,2022,7,824
945,77,2022,8,315
946,77,2022,9,438
947,77,2022,10,1478
948,77,2022,11,217
949,77,2022,12,178
950,77,2023,1,497
951,77,2023,2,242
952,77,2023,3,337
953,77,2023,4,1160
954,77,2023,5,743
955,77,2023,6,542
956,77,2023,7,722
957,77,2023,8,333
958,77,2023,9,1019
959,77,2023,10,1598
960,77,2023,11,533
961,77,2023,12,558
962,77,2024,1,478
963,77,2024,2,310
964,77,2024,3,609
965,77,2024,4,1232
966,77,2024,5,761
967,77,2024,6,1118
968,77,2024,7,507
969,77,2024,8,1256
970,77,2024,9,767
971,77,2024,10,2191
972,77,2024,11,558
973,77,2024,12,957
974,78,2022,1,39
975,78,2022,2,29
976,78,2022,3,206
977,78,2022,4,209
978,78,2022,5,183
979,78,2022,6,260
980,78,2022,7,289
981,78,2022,8,167
982,78,2022,9,324
983,78,2022,10,668
984,78,2022,11,231
985,78,2022,12,191
986,78,2023,1,219
987,78,2023,2,221
988,78,2023,3,317
989,78,2023,4,352
990,78,2023,5,448
991,78,2023,6,547
992,78,2023,7,210
993,78,2023,8,181
994,78,2023,9,485
995,78,2023,10,980
996,78,2023,11,177
997,78,2023,12,118
998,78,2024,1,267
999,78,2024,2,202
1000,78,2024,3,619
1001,78,2024,4,708
1002,78,2024,5,459
1003,78,2024,6,303
1004,78,2024,7,393
1005,78,2024,8,560
1006,78,2024,9,612
1007,78,2024,10,2062
1008,78,2024,11,389
1009,78,2024,12,263
1010,79,2022,1,35
1011,79,2022,2,44
1012,79,2022,3,195
1013,79,2022,4,200
1014,79,2022,5,102
1015,79,2022,6,161
1016,79,2022,7,202
1017,79,2022,8,59
1018,79,2022,9,92
1019,79,2022,10,315
1020,79,2022,11,38
1021,79,2022,12,41
1022,79,2023,1,137
1023,79,2023,2,29
1024,79,2023,3,211
1025,79,2023,4,178
1026,79,2023,5,127
1027,79,2023,6,220
1028,79,2023,7,238
1029,79,2023,8,156
1030,79,2023,9,245
1031,79,2023,10,494
1032,79,2023,11,155
1033,79,2023,12,57
1034,79,2024,1,199
1035,79,2024,2,157
1036,79,2024,3,322
1037,79,2024,4,483
1038,79,2024,5,348
1039,79,2024,6,305
1040,79,2024,7,257
1041,79,2024,8,101
1042,79,2024,9,130
1043,79,2024,10,1041
1044,79,2024,11,154
1045,79,2024,12,62
1046,80,2022,1,79
1047,80,2022,2,160
1048,80,2022,3,281
1049,80,2022,4,247
1050,80,2022,5,148
1051,80,2022,6,223
1052,80,2022,7,159
1053,80,2022,8,66
1054,80,2022,9,224
1055,80,2022,10,441
1056,80,2022,11,117
1057,80,2022,12,156
1058,80,2023,1,204
1059,80,2023,2,40
1060,80,2023,3,241
1061,80,2023,4,466
1062,80,2023,5,184
1063,80,2023,6,351
1064,80,2023,7,342
1065,80,2023,8,264
1066,80,2023,9,536
1067,80,2023,10,804
1068,80,2023,11,239
1069,80,2023,12,622
1070,80,2024,1,297
1071,80,2024,2,290
1072,80,2024,3,396
1073,80,2024,4,807
1074,80,2024,5,482
1075,80,2024,6,723
1076,80,2024,7,236
1077,80,2024,8,533
1078,80,2024,9,503
1079,80,2024,10,1496
1080,80,2024,11,286
1081,80,2024,12,337
1082,81,2022,1,187
1083,81,2022,2,64
1084,81,2022,3,44
1085,81,2022,4,123
1086,81,2022,5,158
1087,81,2022,6,148
1088,81,2022,7,104
1089,81,2022,8,181
1090,81,2022,9,165
1091,81,2022,10,384
1092,81,2022,11,64
1093,81,2022,12,135
1094,81,2023,1,93
1095,81,2023,2,16
1096,81,2023,3,248
1097,81,2023,4,385
1098,81,2023,5,53
1099,81,2023,6,230
1100,81,2023,7,382
1101,81,2023,8,44
1102,81,2023,9,243
1103,81,2023,10,721
1104,81,2023,11,182
1105,81,2023,12,152
1106,81,2024,1,186
1107,81,2024,2,117
1108,81,2024,3,303
1109,81,2024,4,491
1110,81,2024,5,281
1111,81,2024,6,377
1112,81,2024,7,296
1113,81,2024,8,374
1114,81,2024,9,215
1115,81,2024,10,999
1116,81,2024,11,317
1117,81,2024,12,185
1118,82,2022,1,43
1119,82,2022,2,154
1120,82,2022,3,676
1121,82,2022,4,1027
1122,82,2022,5,306
1123,82,2022,6,584
1124,82,2022,7,469
1125,82,2022,8,70
1126,82,2022,9,317
1127,82,2022,10,729
1128,82,2022,11,283
1129,82,2022,12,225
1130,82,2023,1,550
1131,82,2023,2,184
1132,82,2023,3,569
1133,82,2023,4,1296
1134,82,2023,5,386
1135,82,2023,6,644
1136,82,2023,7,641
1137,82,2023,8,326
1138,82,2023,9,455
1139,82,2023,10,1538
1140,82,2023,11,464
1141,82,2023,12,311
1142,82,2024,1,545
1143,82,2024,2,92
1144,82,2024,3,716
1145,82,2024,4,1058
1146,82,2024,5,505
1147,82,2024,6,750
1148,82,2024,7,473
1149,82,2024,8,521
1150,82,2024,9,725
1151,82,2024,10,2539
1152,82,2024,11,442
1153,82,2024,12,467
1154,83,2022,1,75
1155,83,2022,2,229
1156,83,2022,3,195
1157,83,2022,4,210
1158,83,2022,5,151
1159,83,2022,6,208
1160,83,2022,7,247
1161,83,2022,8,137
1162,83,2022,9,161
1163,83,2022,10,735
1164,83,2022,11,218
1165,83,2022,12,152
1166,83,2023,1,353
1167,83,2023,2,147
1168,83,2023,3,336
1169,83,2023,4,719
1170,83,2023,5,308
1171,83,2023,6,508
1172,83,2023,7,289
1173,83,2023,8,274
1174,83,2023,9,376
1175,83,2023,10,1159
1176,83,2023,11,219
1177,83,2023,12,428
1178,83,2024,1,207
1179,83,2024,2,164
1180,83,2024,3,495
1181,83,2024,4,892
1182,83,2024,5,371
1183,83,2024,6,403
1184,83,2024,7,433
1185,83,2024,8,441
1186,83,2024,9,333
1187,83,2024,10,1851
1188,83,2024,11,279
1189,83,2024,12,316
1190,84,2022,1,20
1191,84,2022,2,177
1192,84,2022,3,92
1193,84,2022,4,224
1194,84,2022,5,184
1195,84,2022,6,149
1196,84,2022,7,303
1197,84,2022,8,127
1198,84,2022,9,263
1199,84,2022,10,453
1200,84,2022,11,51
1201,84,2022,12,198
1202,84,2023,1,206
1203,84,2023,2,74
1204,84,2023,3,320
1205,84,2023,4,395
1206,84,2023,5,219
1207,84,2023,6,592
1208,84,2023,7,367
1209,84,2023,8,162
1210,84,2023,9,384
1211,84,2023,10,859
1212,84,2023,11,190
1213,84,2023,12,104
1214,84,2024,1,304
1215,84,2024,2,88
1216,84,2024,3,626
1217,84,2024,4,500
1218,84,2024,5,444
1219,84,2024,6,360
1220,84,2024,7,175
1221,84,2024,8,337
1222,84,2024,9,406
1223,84,2024,10,1081
1224,84,2024,11,175
1225,84,2024,12,308
1226,85,2022,1,90
1227,85,2022,2,161
1228,85,2022,3,56
1229,85,2022,4,120
1230,85,2022,5,91
1231,85,2022,6,198
1232,85,2022,7,143
1233,85,2022,8,63
1234,85,2022,9,178
1235,85,2022,10,314
1236,85,2022,11,232
1237,85,2022,12,61
1238,85,2023,1,271
1239,85,2023,2,168
1240,85,2023,3,347
1241,85,2023,4,312
1242,85,2023,5,226
1243,85,2023,6,265
1244,85,2023,7,249
1245,85,2023,8,189
1246,85,2023,9,298
1247,85,2023,10,817
1248,85,2023,11,126
1249,85,2023,12,248
1250,85,2024,1,147
1251,85,2024,2,317
1252,85,2024,3,497
1253,85,2024,4,530
1254,85,2024,5,166
1255,85,2024,6,544
1256,85,2024,7,215
1257,85,2024,8,383
1258,85,2024,9,212
1259,85,2024,10,1755
1260,85,2024,11,333
1261,85,2024,12,158
1262,86,2022,1,715
1263,86,2022,2,1133
1264,86,2022,3,2219
1265,86,2022,4,2999
1266,86,2022,5,1206
1267,86,2022,6,3087
1268,86,2022,7,2049
1269,86,2022,8,1719
1270,86,2022,9,920
1271,86,2022,10,3157
1272,86,2022,11,285
1273,86,2022,12,758
1274,86,2023,1,668
1275,86,2023,2,459
1276,86,2023,3,1134
1277,86,2023,4,1199
1278,86,2023,5,466
1279,86,2023,6,2015
1280,86,2023,7,1101
1281,86,2023,8,1969
1282,86,2023,9,1695
1283,86,2023,10,3855
1284,86,2023,11,394
1285,86,2023,12,275
1286,86,2024,1,522
1287,86,2024,2,84
1288,86,2024,3,1446
1289,86,2024,4,1318
1290,86,2024,5,1007
1291,86,2024,6,1969
1292,86,2024,7,974
1293,86,2024,8,1043
1294,86,2024,9,1774
1295,86,2024,10,2052
1296,86,2024,11,239
1297,86,2024,12,797
1298,87,2022,1,638
1299,87,2022,2,1211
1300,87,2022,3,4098
1301,87,2022,4,3508
1302,87,2022,5,3560
1303,87,2022,6,3713
1304,87,2022,7,4027
1305,87,2022,8,2050
1306,87,2022,9,1535
1307,87,2022,10,821
1308,87,2022,11,69
1309,87,2022,12,239
1310,87,2023,1,581
1311,87,2023,2,329
1312,87,2023,3,3066
1313,87,2023,4,2605
1314,87,2023,5,853
1315,87,2023,6,1273
1316,87,2023,7,1422
1317,87,2023,8,995
1318,87,2023,9,1352
1319,87,2023,10,914
1320,87,2023,11,338
1321,87,2024,1,238
1322,87,2024,2,207
1323,87,2024,3,659
1324,87,2024,4,1561
1325,87,2024,5,939
1326,87,2024,6,1139
1327,87,2024,7,1505
1328,87,2024,8,1242
1329,87,2024,9,589
1330,87,2024,10,603
1331,87,2024,11,125
1332,87,2024,12,429
1333,88,2022,1,374
1334,88,2022,2,547
1335,88,2022,3,4707
1336,88,2022,4,4068
1337,88,2022,5,3376
1338,88,2022,6,3040
1339,88,2022,7,3538
1340,88,2022,8,3028
1341,88,2022,9,1457
1342,88,2022,10,124
1343,88,2022,11,330
1344,88,2022,12,268
1345,88,2023,1,729
1346,88,2023,2,468
1347,88,2023,3,2146
1348,88,2023,4,4261
1349,88,2023,5,790
1350,88,2023,6,2227
1351,88,2023,7,2981
1352,88,2023,8,2658
1353,88,2023,9,705
1354,88,2023,10,1073
1355,88,2023,11,263
1356,88,2023,12,54
1357,88,2024,1,410
1358,88,2024,2,217
1359,88,2024,3,1402
1360,88,2024,4,2375
1361,88,2024,5,1294
1362,88,2024,6,2475
1363,88,2024,7,1311
1364,88,2024,8,1797
1365,88,2024,9,783
1366,88,2024,10,883
1367,88,2024,11,314
1368,88,2024,12,379
1369,89,2022,1,457
1370,89,2022,2,1217
1371,89,2022,3,3488
1372,89,2022,4,3512
1373,89,2022,5,3810
1374,89,2022,6,2532
1375,89,2022,7,5409
1376,89,2022,8,2624
1377,89,2022,9,1246
1378,89,2022,10,1232
1379,89,2022,11,438
1380,89,2022,12,63
1381,89,2023,1,871
1382,89,2023,2,297
1383,89,2023,3,1855
1384,89,2023,4,1913
1385,89,2023,5,1551
1386,89,2023,6,2124
1387,89,2023,7,2505
1388,89,2023,8,1675
1389,89,2023,9,1177
1390,89,2023,10,809
1391,89,2023,11,200
1392,89,2023,12,365
1393,89,2024,1,795
1394,89,2024,2,225
1395,89,2024,3,1025
1396,89,2024,4,1108
1397,89,2024,5,1058
1398,89,2024,6,891
1399,89,2024,7,1181
1400,89,2024,8,2191
1401,89,2024,9,1057
1402,89,2024,10,1074
1403,89,2024,11,297
1404,89,2024,12,319
1405,90,2022,1,1070
1406,90,2022,2,1954
1407,90,2022,3,4167
1408,90,2022,4,7933
1409,90,2022,5,3742
1410,90,2022,6,5358
1411,90,2022,7,4926
1412,90,2022,8,2457
1413,90,2022,9,1565
1414,90,2022,10,536
1415,90,2022,11,615
1416,90,2022,12,409
1417,90,2023,1,1268
1418,90,2023,2,703
1419,90,2023,3,2136
1420,90,2023,4,2626
1421,90,2023,5,2002
1422,90,2023,6,2888
1423,90,2023,7,3213
1424,90,2023,8,2116
1425,90,2023,9,1658
1426,90,2023,10,1470
1427,90,2023,11,382
1428,90,2023,12,421
1429,90,2024,1,1490
1430,90,2024,2,138
1431,90,2024,3,1738
1432,90,2024,4,2422
1433,90,2024,5,992
1434,90,2024,6,2188
1435,90,2024,7,1735
1436,90,2024,8,1730
1437,90,2024,9,1106
1438,90,2024,10,757
1439,90,2024,11,175
1440,90,2024,12,114
1441,91,2022,1,191
1442,91,2022,2,934
1443,91,2022,3,1513
1444,91,2022,4,2790
1445,91,2022,5,1663
1446,91,2022,6,1758
1447,91,2022,7,2044
1448,91,2022,8,1667
1449,91,2022,9,513
1450,91,2022,10,383
1451,91,2022,11,90
1452,91,2022,12,119
1453,91,2023,1,340
1454,91,2023,2,391
1455,91,2023,3,1591
1456,91,2023,4,1514
1457,91,2023,5,1105
1458,91,2023,6,1858
1459,91,2023,7,1490
1460,91,2023,8,1002
1461,91,2023,9,660
1462,91,2023,10,353
1463,91,2023,11,179
1464,91,2023,12,258
1465,91,2024,1,172
1466,91,2024,2,409
1467,91,2024,3,947
1468,91,2024,4,1036
1469,91,2024,5,912
1470,91,2024,6,1140
1471,91,2024,7,1322
1472,91,2024,8,954
1473,91,2024,9,566
1474,91,2024,10,794
1475,91,2024,11,223
1476,91,2024,12,113
1477,92,2022,1,480
1478,92,2022,2,372
1479,92,2022,3,747
1480,92,2022,4,791
1481,92,2022,5,1091
1482,92,2022,6,1338
1483,92,2022,7,909
1484,92,2022,8,426
1485,92,2022,9,501
1486,92,2022,10,20
1487,92,2022,11,24
1488,92,2022,12,203
1489,92,2023,1,198
1490,92,2023,2,161
1491,92,2023,3,538
1492,92,2023,4,707
1493,92,2023,5,329
1494,92,2023,6,437
1495,92,2023,7,335
1496,92,2023,8,469
1497,92,2023,9,112
1498,92,2023,10,69
1499,92,2023,11,75
1500,92,2023,12,120
1501,92,2024,1,55
1502,92,2024,2,138
1503,92,2024,3,327
1504,92,2024,4,346
1505,92,2024,5,193
1506,92,2024,6,358
1507,92,2024,7,292
1508,92,2024,8,279
1509,92,2024,9,99
1510,92,2024,10,322
1511,92,2024,11,62
1512,92,2024,12,60
1513,93,2022,1,595
1514,93,2022,2,636
1515,93,2022,3,4360
1516,93,2022,4,3306
1517,93,2022,5,2000
1518,93,2022,6,4372
1519,93,2022,7,3975
1520,93,2022,8,3849
1521,93,2022,9,1042
1522,93,2022,10,904
1523,93,2022,11,610
1524,93,2022,12,141
1525,93,2023,1,460
1526,93,2023,2,408
1527,93,2023,3,1315
1528,93,2023,4,3085
1529,93,2023,5,974
1530,93,2023,6,3110
1531,93,2023,7,1697
1532,93,2023,8,1759
1533,93,2023,9,605
1534,93,2023,10,499
1535,93,2023,11,210
1536,93,2023,12,361
1537,93,2024,1,321
1538,93,2024,2,346
1539,93,2024,3,1010
1540,93,2024,4,1618
1541,93,2024,5,1307
1542,93,2024,6,1207
1543,93,2024,7,875
1544,93,2024,8,1271
1545,93,2024,9,1038
1546,93,2024,10,1174
1547,93,2024,11,314
1548,93,2024,12,216
1549,94,2022,1,556
1550,94,2022,2,863
1551,94,2022,3,3648
1552,94,2022,4,4354
1553,94,2022,5,3381
1554,94,2022,6,4621
1555,94,2022,7,4653
1556,94,2022,8,4628
1557,94,2022,9,3412
1558,94,2022,10,841
1559,94,2022,11,371
1560,94,2022,12,405
1561,94,2023,1,1246
1562,94,2023,2,414
1563,94,2023,3,3094
1564,94,2023,4,3046
1565,94,2023,5,1791
1566,94,2023,6,2398
1567,94,2023,7,2789
1568,94,2023,8,3844
1569,94,2023,9,826
1570,94,2023,10,1245
1571,94,2023,11,181
1572,94,2023,12,421
1573,94,2024,1,1376
1574,94,2024,2,871
1575,94,2024,3,1655
1576,94,2024,4,2233
1577,94,2024,5,2079
1578,94,2024,6,1643
1579,94,2024,7,2559
1580,94,2024,8,1071
1581,94,2024,9,775
1582,94,2024,10,2035
1583,94,2024,11,646
1584,94,2024,12,875
1585,95,2022,1,382
1586,95,2022,2,949
1587,95,2022,3,3519
1588,95,2022,4,5336
1589,95,2022,5,2363
1590,95,2022,6,2831
1591,95,2022,7,4561
1592,95,2022,8,2434
1593,95,2022,9,2023
1594,95,2022,10,1608
1595,95,2022,11,238
1596,95,2022,12,247
1597,95,2023,1,985
1598,95,2023,2,83
1599,95,2023,3,2074
1600,95,2023,4,1507
1601,95,2023,5,2316
1602,95,2023,6,2405
1603,95,2023,7,1744
1604,95,2023,8,1803
1605,95,2023,9,933
1606,95,2023,10,963
1607,95,2023,11,364
1608,95,2023,12,267
1609,95,2024,1,438
1610,95,2024,2,154
1611,95,2024,3,788
1612,95,2024,4,1674
1613,95,2024,5,1771
1614,95,2024,6,1401
1615,95,2024,7,676
1616,95,2024,8,2111
1617,95,2024,9,999
1618,95,2024,10,649
1619,95,2024,11,267
1620,95,2024,12,219
1621,96,2022,1,131
1622,96,2022,2,100
1623,96,2022,3,391
1624,96,2022,4,491
1625,96,2022,5,452
1626,96,2022,6,349
1627,96,2022,7,314
1628,96,2022,8,296
1629,96,2022,9,216
1630,96,2022,11,164
1631,96,2022,12,62
1632,96,2023,1,191
1633,96,2023,2,82
1634,96,2023,3,224
1635,96,2023,4,263
1636,96,2023,5,112
1637,96,2023,6,269
1638,96,2023,7,417
1639,96,2023,8,238
1640,96,2023,9,55
1641,96,2023,10,60
1642,96,2023,11,52
1643,96,2023,12,24
1644,96,2024,1,110
1645,96,2024,3,206
1646,96,2024,4,360
1647,96,2024,5,75
1648,96,2024,6,220
1649,96,2024,7,149
1650,96,2024,8,67
1651,96,2024,9,137
1652,96,2024,10,32
1653,97,2022,1,105
1654,97,2022,2,26
1655,97,2022,3,135
1656,97,2022,4,272
1657,97,2022,5,289
1658,97,2022,6,153
1659,97,2022,7,299
1660,97,2022,8,91
1661,97,2022,9,147
1662,97,2022,10,45
1663,97,2022,11,59
1664,97,2022,12,34
1665,97,2023,1,30
1666,97,2023,2,33
1667,97,2023,3,86
1668,97,2023,4,171
1669,97,2023,5,80
1670,97,2023,6,225
1671,97,2023,7,156
1672,97,2023,8,83
1673,97,2023,9,86
1674,97,2023,10,58
1675,97,2023,11,72
1676,97,2023,12,36
1677,97,2024,1,11
1678,97,2024,2,52
1679,97,2024,3,69
1680,97,2024,4,76
1681,97,2024,5,68
1682,97,2024,6,59
1683,97,2024,7,76
1684,97,2024,9,29
1685,97,2024,10,64
1686,97,2024,11,38
1687,97,2024,12,41
1688,98,2022,1,522
1689,98,2022,2,470
1690,98,2022,3,1377
1691,98,2022,4,1021
1692,98,2022,5,857
1693,98,2022,6,1739
1694,98,2022,7,1438
1695,98,2022,8,1326
1696,98,2022,9,292
1697,98,2022,10,337
1698,98,2022,11,42
1699,98,2022,12,238
1700,98,2023,1,799
1701,98,2023,2,228
1702,98,2023,3,776
1703,98,2023,4,669
1704,98,2023,5,350
1705,98,2023,6,1008
1706,98,2023,7,637
1707,98,2023,8,670
1708,98,2023,9,286
1709,98,2023,10,134
1710,98,2023,11,62
1711,98,2023,12,64
1712,98,2024,1,80
1713,98,2024,3,472
1714,98,2024,4,275
1715,98,2024,5,612
1716,98,2024,6,477
1717,98,2024,7,559
1718,98,2024,8,258
1719,98,2024,9,625
1720,98,2024,10,266
1721,98,2024,11,207
1722,98,2024,12,46
1723,99,2022,1,332
1724,99,2022,2,246
1725,99,2022,3,1002
1726,99,2022,4,1690
1727,99,2022,5,741
1728,99,2022,6,698
1729,99,2022,7,894
1730,99,2022,8,841
1731,99,2022,9,460
1732,99,2022,10,273
1733,99,2022,11,140
1734,99,2022,12,60
1735,99,2023,1,510
1736,99,2023,2,45
1737,99,2023,3,865
1738,99,2023,4,820
1739,99,2023,5,599
1740,99,2023,6,352
1741,99,2023,7,423
1742,99,2023,8,440
1743,99,2023,9,256
1744,99,2023,10,230
1745,99,2023,11,187
1746,99,2023,12,134
1747,99,2024,1,169
1748,99,2024,2,92
1749,99,2024,3,360
1750,99,2024,4,342
1751,99,2024,5,519
1752,99,2024,6,701
1753,99,2024,7,327
1754,99,2024,8,299
1755,99,2024,9,241
1756,99,2024,10,334
1757,99,2024,11,182
1758,99,2024,12,109
1759,100,2022,1,670
1760,100,2022,2,817
1761,100,2022,3,1429
1762,100,2022,4,1891
1763,100,2022,5,994
1764,100,2022,6,1500
1765,100,2022,7,1615
1766,100,2022,8,1162
1767,100,2022,9,604
1768,100,2022,10,2835
1769,100,2022,11,1158
1770,100,2022,12,545
1771,100,2023,1,509
1772,100,2023,2,309
1773,100,2023,3,736
1774,100,2023,4,615
1775,100,2023,5,523
1776,100,2023,6,1007
1777,100,2023,7,1518
1778,100,2023,8,948
1779,100,2023,9,1036
1780,100,2023,10,1119
1781,100,2023,11,250
1782,100,2023,12,436
1783,100,2024,1,271
1784,100,2024,2,260
1785,100,2024,3,538
1786,100,2024,4,609
1787,100,2024,5,548
1788,100,2024,6,834
1789,100,2024,7,476
1790,100,2024,8,865
1791,100,2024,9,606
1792,100,2024,10,757
1793,100,2024,11,291
1794,100,2024,12,384
1795,101,2022,1,67
1796,101,2022,2,47
1797,101,2022,3,68
1798,101,2022,4,93
1799,101,2022,5,99
1800,101,2022,6,169
1801,101,2022,7,158
1802,101,2022,8,50
1803,101,2022,9,70
1804,101,2022,10,124
1805,101,2022,11,76
1806,101,2022,12,65
1807,101,2023,1,50
1808,101,2023,2,74
1809,101,2023,3,213
1810,101,2023,4,368
1811,101,2023,5,283
1812,101,2023,6,253
1813,101,2023,7,74
1814,101,2023,8,89
1815,101,2023,9,125
1816,101,2023,10,406
1817,101,2023,11,136
1818,101,2023,12,110
1819,101,2024,1,42
1820,101,2024,2,40
1821,101,2024,3,361
1822,101,2024,4,331
1823,101,2024,5,183
1824,101,2024,6,247
1825,101,2024,7,183
1826,101,2024,8,82
1827,101,2024,9,309
1828,101,2024,10,346
1829,101,2024,11,238
1830,101,2024,12,118
1831,102,2022,1,18
1832,102,2022,2,45
1833,102,2022,3,163
1834,102,2022,4,119
1835,102,2022,5,84
1836,102,2022,6,124
1837,102,2022,7,30
1838,102,2022,8,24
1839,102,2022,9,105
1840,102,2022,10,123
1841,102,2022,11,78
1842,102,2022,12,73
1843,102,2023,1,64
1844,102,2023,2,24
1845,102,2023,3,208
1846,102,2023,4,346
1847,102,2023,5,93
1848,102,2023,6,199
1849,102,2023,7,72
1850,102,2023,8,89
1851,102,2023,9,196
1852,102,2023,10,252
1853,102,2023,11,127
1854,102,2023,12,38
1855,102,2024,1,47
1856,102,2024,2,41
1857,102,2024,3,278
1858,102,2024,4,313
1859,102,2024,5,246
1860,102,2024,6,155
1861,102,2024,7,100
1862,102,2024,8,112
1863,102,2024,9,292
1864,102,2024,10,261
1865,102,2024,11,174
1866,102,2024,12,154
1867,103,2022,1,6
1868,103,2022,3,48
1869,103,2022,4,33
1870,103,2022,5,17
1871,103,2022,6,49
1872,103,2022,7,29
1873,103,2022,8,16
1874,103,2022,9,33
1875,103,2022,10,101
1876,103,2022,11,34
1877,103,2022,12,24
1878,103,2023,1,42
1879,103,2023,2,3
1880,103,2023,3,108
1881,103,2023,4,97
1882,103,2023,5,45
1883,103,2023,6,50
1884,103,2023,7,43
1885,103,2023,8,42
1886,103,2023,9,99
1887,103,2023,10,165
1888,103,2023,11,23
1889,103,2023,12,35
1890,103,2024,1,47
1891,103,2024,3,74
1892,103,2024,4,142
1893,103,2024,5,99
1894,103,2024,6,57
1895,103,2024,7,32
1896,103,2024,8,40
1897,103,2024,9,128
1898,103,2024,10,101
1899,103,2024,11,68
1900,103,2024,12,48
1901,104,2022,1,11
1902,104,2022,2,18
1903,104,2022,3,25
1904,104,2022,4,56
1905,104,2022,5,13
1906,104,2022,6,29
1907,104,2022,7,18
1908,104,2022,8,14
1909,104,2022,9,14
1910,104,2022,10,40
1911,104,2022,11,30
1912,104,2022,12,24
1913,104,2023,1,34
1914,104,2023,2,1
1915,104,2023,3,83
1916,104,2023,4,113
1917,104,2023,5,40
1918,104,2023,6,62
1919,104,2023,7,15
1920,104,2023,8,25
1921,104,2023,9,46
1922,104,2023,10,77
1923,104,2023,11,50
1924,104,2023,12,14
1925,104,2024,1,47
1926,104,2024,2,20
1927,104,2024,3,38
1928,104,2024,4,101
1929,104,2024,5,57
1930,104,2024,6,85
1931,104,2024,7,21
1932,104,2024,8,11
1933,104,2024,9,51
1934,104,2024,10,144
1935,104,2024,11,6
1936,104,2024,12,61
1937,105,2022,1,39
1938,105,2022,2,13
1939,105,2022,3,69
1940,105,2022,4,279
1941,105,2022,5,133
1942,105,2022,6,54
1943,105,2022,7,65
1944,105,2022,8,15
1945,105,2022,9,126
1946,105,2022,10,152
1947,105,2022,11,94
1948,105,2022,12,56
1949,105,2023,1,88
1950,105,2023,2,53
1951,105,2023,3,215
1952,105,2023,4,453
1953,105,2023,5,179
1954,105,2023,6,313
1955,105,2023,7,59
1956,105,2023,8,10
1957,105,2023,9,116
1958,105,2023,10,371
1959,105,2023,11,95
1960,105,2023,12,126
1961,105,2024,1,70
1962,105,2024,2,45
1963,105,2024,3,229
1964,105,2024,4,466
1965,105,2024,5,163
1966,105,2024,6,143
1967,105,2024,7,82
1968,105,2024,8,45
1969,105,2024,9,222
1970,105,2024,10,390
1971,105,2024,11,66
1972,105,2024,12,150
1973,106,2022,1,60
1974,106,2022,2,17
1975,106,2022,3,44
1976,106,2022,4,80
1977,106,2022,5,46
1978,106,2022,6,151
1979,106,2022,7,52
1980,106,2022,8,36
1981,106,2022,9,89
1982,106,2022,10,143
1983,106,2022,11,61
1984,106,2022,12,15
1985,106,2023,1,106
1986,106,2023,2,50
1987,106,2023,3,99
1988,106,2023,4,333
1989,106,2023,5,96
1990,106,2023,6,309
1991,106,2023,7,159
1992,106,2023,8,74
1993,106,2023,9,124
1994,106,2023,10,271
1995,106,2023,11,97
1996,106,2023,12,23
1997,106,2024,1,155
1998,106,2024,2,49
1999,106,2024,3,95
2000,106,2024,4,265
2001,106,2024,5,126
2002,106,2024,6,199
2003,106,2024,7,123
2004,106,2024,8,68
2005,106,2024,9,221
2006,106,2024,10,242
2007,106,2024,11,94
2008,106,2024,12,156
2009,107,2022,3,68
2010,107,2022,4,42
2011,107,2022,5,39
2012,107,2022,6,9
2013,107,2022,7,6
2014,107,2022,8,18
2015,107,2022,9,36
2016,107,2022,10,44
2017,107,2022,11,23
2018,107,2022,12,17
2019,107,2023,1,24
2020,107,2023,3,92
2021,107,2023,4,86
2022,107,2023,5,40
2023,107,2023,6,126
2024,107,2023,7,12
2025,107,2023,8,16
2026,107,2023,9,47
2027,107,2023,10,132
2028,107,2023,11,76
2029,107,2023,12,37
2030,107,2024,1,18
2031,107,2024,2,13
2032,107,2024,3,58
2033,107,2024,4,64
2034,107,2024,5,101
2035,107,2024,6,51
2036,107,2024,7,31
2037,107,2024,8,7
2038,107,2024,9,78
2039,107,2024,10,177
2040,107,2024,11,45
2041,107,2024,12,37
2042,108,2022,1,3
2043,108,2022,2,4
2044,108,2022,3,20
2045,108,2022,4,29
2046,108,2022,5,20
2047,108,2022,6,37
2048,108,2022,7,19
2049,108,2022,8,18
2050,108,2022,9,39
2051,108,2022,10,35
2052,108,2022,11,13
2053,108,2022,12,10
2054,108,2023,1,13
2055,108,2023,2,8
2056,108,2023,3,44
2057,108,2023,4,109
2058,108,2023,5,20
2059,108,2023,6,96
2060,108,2023,7,42
2061,108,2023,8,14
2062,108,2023,9,44
2063,108,2023,10,120
2064,108,2023,11,48
2065,108,2023,12,40
2066,108,2024,1,1
2067,108,2024,2,8
2068,108,2024,3,45
2069,108,2024,4,60
2070,108,2024,5,46
2071,108,2024,6,88
2072,108,2024,7,32
2073,108,2024,8,14
2074,108,2024,9,30
2075,108,2024,10,132
2076,108,2024,11,31
2077,108,2024,12,46
2078,109,2022,1,168
2079,109,2022,2,46
2080,109,2022,3,233
2081,109,2022,4,340
2082,109,2022,5,172
2083,109,2022,6,160
2084,109,2022,7,140
2085,109,2022,8,174
2086,109,2022,9,222
2087,109,2022,10,258
2088,109,2022,11,98
2089,109,2022,12,184
2090,109,2023,1,185
2091,109,2023,2,62
2092,109,2023,3,401
2093,109,2023,4,530
2094,109,2023,5,278
2095,109,2023,6,767
2096,109,2023,7,245
2097,109,2023,8,209
2098,109,2023,9,430
2099,109,2023,10,757
2100,109,2023,11,275
2101,109,2023,12,200
2102,109,2024,1,207
2103,109,2024,2,284
2104,109,2024,3,450
2105,109,2024,4,705
2106,109,2024,5,401
2107,109,2024,6,382
2108,109,2024,7,282
2109,109,2024,8,141
2110,109,2024,9,314
2111,109,2024,10,877
2112,109,2024,11,210
2113,109,2024,12,361
2114,110,2022,1,19
2115,110,2022,2,50
2116,110,2022,3,190
2117,110,2022,4,193
2118,110,2022,5,187
2119,110,2022,6,209
2120,110,2022,7,135
2121,110,2022,8,56
2122,110,2022,9,123
2123,110,2022,10,206
2124,110,2022,11,221
2125,110,2022,12,151
2126,110,2023,1,9
2127,110,2023,3,415
2128,110,2023,4,519
2129,110,2023,5,183
2130,110,2023,6,396
2131,110,2023,7,182
2132,110,2023,8,65
2133,110,2023,9,361
2134,110,2023,10,693
2135,110,2023,11,172
2136,110,2023,12,204
2137,110,2024,1,153
2138,110,2024,2,86
2139,110,2024,3,448
2140,110,2024,4,529
2141,110,2024,5,306
2142,110,2024,6,334
2143,110,2024,7,316
2144,110,2024,8,28
2145,110,2024,9,523
2146,110,2024,10,542
2147,110,2024,11,198
2148,110,2024,12,200
2149,111,2022,1,4
2150,111,2022,2,32
2151,111,2022,3,56
2152,111,2022,4,55
2153,111,2022,5,44
2154,111,2022,6,76
2155,111,2022,7,31
2156,111,2022,8,10
2157,111,2022,9,33
2158,111,2022,10,121
2159,111,2022,11,35
2160,111,2022,12,44
2161,111,2023,1,20
2162,111,2023,2,18
2163,111,2023,3,204
2164,111,2023,4,155
2165,111,2023,5,118
2166,111,2023,6,124
2167,111,2023,7,58
2168,111,2023,8,50
2169,111,2023,9,89
2170,111,2023,10,258
2171,111,2023,11,92
2172,111,2023,12,105
2173,111,2024,1,35
2174,111,2024,2,3
2175,111,2024,3,97
2176,111,2024,4,186
2177,111,2024,5,126
2178,111,2024,6,114
2179,111,2024,7,85
2180,111,2024,8,20
2181,111,2024,9,238
2182,111,2024,10,171
2183,111,2024,11,199
2184,111,2024,12,121
2185,112,2022,1,17
2186,112,2022,3,427
2187,112,2022,4,223
2188,112,2022,5,447
2189,112,2022,6,219
2190,112,2022,7,103
2191,112,2022,8,155
2192,112,2022,9,313
2193,112,2022,10,555
2194,112,2022,11,264
2195,112,2022,12,130
2196,112,2023,1,206
2197,112,2023,2,94
2198,112,2023,3,843
2199,112,2023,4,489
2200,112,2023,5,141
2201,112,2023,6,830
2202,112,2023,7,513
2203,112,2023,8,338
2204,112,2023,9,320
2205,112,2023,10,1387
2206,112,2023,11,386
2207,112,2023,12,422
2208,112,2024,1,158
2209,112,2024,2,160
2210,112,2024,3,903
2211,112,2024,4,1007
2212,112,2024,5,269
2213,112,2024,6,416
2214,112,2024,7,423
2215,112,2024,8,282
2216,112,2024,9,983
2217,112,2024,10,729
2218,112,2024,11,385
2219,112,2024,12,395
2220,113,2022,1,42
2221,113,2022,3,419
2222,113,2022,4,125
2223,113,2022,5,334
2224,113,2022,6,283
2225,113,2022,7,298
2226,113,2022,8,97
2227,113,2022,9,335
2228,113,2022,10,290
2229,113,2022,11,214
2230,113,2022,12,213
2231,113,2023,1,220
2232,113,2023,2,68
2233,113,2023,3,524
2234,113,2023,4,917
2235,113,2023,5,439
2236,113,2023,6,658
2237,113,2023,7,260
2238,113,2023,8,208
2239,113,2023,9,591
2240,113,2023,10,943
2241,113,2023,11,249
2242,113,2023,12,276
2243,113,2024,1,173
2244,113,2024,3,686
2245,113,2024,4,843
2246,113,2024,5,410
2247,113,2024,6,630
2248,113,2024,7,544
2249,113,2024,8,128
2250,113,2024,9,646
2251,113,2024,10,892
2252,113,2024,11,362
2253,113,2024,12,329
2254,114,2022,1,9
2255,114,2022,2,6
2256,114,2022,3,29
2257,114,2022,4,41
2258,114,2022,5,42
2259,114,2022,6,16
2260,114,2022,7,15
2261,114,2022,8,7
2262,114,2022,9,29
2263,114,2022,10,46
2264,114,2022,11,42
2265,114,2022,12,41
2266,114,2023,1,15
2267,114,2023,2,15
2268,114,2023,3,65
2269,114,2023,4,89
2270,114,2023,5,34
2271,114,2023,6,52
2272,114,2023,7,49
2273,114,2023,8,34
2274,114,2023,9,44
2275,114,2023,10,142
2276,114,2023,11,94
2277,114,2023,12,29
2278,114,2024,1,19
2279,114,2024,2,6
2280,114,2024,3,67
2281,114,2024,4,116
2282,114,2024,5,53
2283,114,2024,6,45
2284,114,2024,7,32
2285,114,2024,8,13
2286,114,2024,9,109
2287,114,2024,10,129
2288,114,2024,11,38
2289,114,2024,12,59
2290,115,2022,1,174
2291,115,2022,2,59
2292,115,2022,3,164
2293,115,2022,4,364
2294,115,2022,5,189
2295,115,2022,6,417
2296,115,2022,7,252
2297,115,2022,8,94
2298,115,2022,9,627
2299,115,2022,10,661
2300,115,2022,11,184
2301,115,2022,12,336
2302,115,2023,1,210
2303,115,2023,2,333
2304,115,2023,3,708
2305,115,2023,4,1132
2306,115,2023,5,187
2307,115,2023,6,938
2308,1,2022,1,524
2309,1,2022,2,403
2310,1,2022,3,750
2311,1,2022,4,1386
2312,1,2022,5,544
2313,1,2022,6,1170
2314,1,2022,7,696
2315,1,2022,8,502
2316,1,2022,9,839
2317,1,2022,10,1399
2318,1,2022,11,390
2319,1,2022,12,640
2320,1,2023,1,697
2321,1,2023,2,977
2322,1,2023,3,1096
2323,1,2023,4,1578
2324,1,2023,5,751
2325,1,2023,6,1640
2326,1,2023,7,999
2327,1,2023,8,1332
2328,1,2023,9,1419
2329,1,2023,10,3775
2330,1,2023,11,457
2331,1,2023,12,905
2332,1,2024,1,627
2333,1,2024,2,1044
2334,1,2024,3,1318
2335,1,2024,4,1162
2336,1,2024,5,1530
2337,1,2024,6,1496
2338,1,2024,7,1178
2339,1,2024,8,1065
2340,1,2024,9,811
2341,1,2024,10,2997
2342,1,2024,11,1071
2343,1,2024,12,571
2344,2,2022,1,337
2345,2,2022,2,77
2346,2,2022,3,465
2347,2,2022,4,931
2348,2,2022,5,474
2349,2,2022,6,507
2350,2,2022,7,617
2351,2,2022,8,373
2352,2,2022,9,239
2353,2,2022,10,1417
2354,2,2022,11,338
2355,2,2022,12,715
2356,2,2023,1,358
2357,2,2023,2,547
2358,2,2023,3,558
2359,2,2023,4,1647
2360,2,2023,5,684
2361,2,2023,6,1179
2362,2,2023,7,1228
2363,2,2023,8,624
2364,2,2023,9,1010
2365,2,2023,10,1664
2366,2,2023,11,1874
2367,2,2023,12,544
2368,2,2024,1,243
2369,2,2024,2,522
2370,2,2024,3,655
2371,2,2024,4,2031
2372,2,2024,5,1336
2373,2,2024,6,502
2374,2,2024,7,1356
2375,2,2024,8,717
2376,2,2024,9,548
2377,2,2024,10,2312
2378,2,2024,11,887
2379,2,2024,12,1264
2380,3,2022,1,352
2381,3,2022,2,280
2382,3,2022,3,241
2383,3,2022,4,414
2384,3,2022,5,291
2385,3,2022,6,940
2386,3,2022,7,541
2387,3,2022,8,505
2388,3,2022,9,188
2389,3,2022,10,1059
2390,3,2022,11,322
2391,3,2022,12,511
2392,3,2023,1,640
2393,3,2023,2,235
2394,3,2023,3,407
2395,3,2023,4,883
2396,3,2023,5,387
2397,3,2023,6,1255
2398,3,2023,7,982
2399,3,2023,8,445
2400,3,2023,9,1273
2401,3,2023,10,1628
2402,3,2023,11,542
2403,3,2023,12,349
2404,3,2024,1,347
2405,3,2024,2,145
2406,3,2024,3,1005
2407,3,2024,4,1382
2408,3,2024,5,639
2409,3,2024,6,1018
2410,3,2024,7,975
2411,3,2024,8,1103
2412,3,2024,9,529
2413,3,2024,10,2369
2414,3,2024,11,396
2415,3,2024,12,465
2416,4,2022,1,202
2417,4,2022,2,371
2418,4,2022,3,593
2419,4,2022,4,1113
2420,4,2022,5,751
2421,4,2022,6,688
2422,4,2022,7,568
2423,4,2022,8,188
2424,4,2022,9,419
2425,4,2022,10,928
2426,4,2022,11,571
2427,4,2022,12,259
2428,4,2023,1,763
2429,4,2023,2,226
2430,4,2023,3,984
2431,4,2023,4,1010
2432,4,2023,5,675
2433,4,2023,6,1150
2434,4,2023,7,1554
2435,4,2023,8,1098
2436,4,2023,9,1125
2437,4,2023,10,2056
2438,4,2023,11,875
2439,4,2023,12,299
2440,4,2024,1,307
2441,4,2024,2,629
2442,4,2024,3,1262
2443,4,2024,4,1167
2444,4,2024,5,737
2445,4,2024,6,891
2446,4,2024,7,944
2447,4,2024,8,652
2448,4,2024,9,1049
2449,4,2024,10,2847
2450,4,2024,11,604
2451,4,2024,12,1286
2452,5,2022,1,168
2453,5,2022,2,90
2454,5,2022,3,156
2455,5,2022,4,106
2456,5,2022,5,226
2457,5,2022,6,364
2458,5,2022,7,178
2459,5,2022,8,163
2460,5,2022,9,167
2461,5,2022,10,480
2462,5,2022,11,64
2463,5,2022,12,198
2464,5,2023,1,266
2465,5,2023,2,315
2466,5,2023,3,185
2467,5,2023,4,588
2468,5,2023,5,214
2469,5,2023,6,412
2470,5,2023,7,276
2471,5,2023,8,204
2472,5,2023,9,471
2473,5,2023,10,586
2474,5,2023,11,374
2475,5,2023,12,177
2476,5,2024,1,210
2477,5,2024,2,142
2478,5,2024,3,561
2479,5,2024,4,461
2480,5,2024,5,798
2481,5,2024,6,490
2482,5,2024,7,401
2483,5,2024,8,429
2484,5,2024,9,301
2485,5,2024,10,849
2486,5,2024,11,263
2487,5,2024,12,338
2488,6,2022,1,41
2489,6,2022,2,31
2490,6,2022,3,16
2491,6,2022,4,63
2492,6,2022,5,12
2493,6,2022,6,51
2494,6,2022,7,87
2495,6,2022,8,64
2496,6,2022,9,44
2497,6,2022,10,224
2498,6,2022,11,45
2499,6,2022,12,26
2500,6,2023,1,67
2501,6,2023,2,53
2502,6,2023,3,134
2503,6,2023,4,145
2504,6,2023,5,121
2505,6,2023,6,83
2506,6,2023,7,70
2507,6,2023,8,98
2508,6,2023,9,241
2509,6,2023,10,166
2510,6,2023,11,118
2511,6,2023,12,51
2512,6,2024,1,58
2513,6,2024,2,102
2514,6,2024,3,161
2515,6,2024,4,102
2516,6,2024,5,183
2517,6,2024,6,54
2518,6,2024,7,66
2519,6,2024,8,152
2520,6,2024,9,74
2521,6,2024,10,336
2522,6,2024,11,52
2523,6,2024,12,147
2524,7,2022,1,153
2525,7,2022,2,87
2526,7,2022,3,125
2527,7,2022,4,277
2528,7,2022,5,163
2529,7,2022,6,123
2530,7,2022,7,207
2531,7,2022,8,55
2532,7,2022,9,103
2533,7,2022,10,377
2534,7,2022,11,127
2535,7,2022,12,104
2536,7,2023,1,245
2537,7,2023,2,20
2538,7,2023,3,291
2539,7,2023,4,495
2540,7,2023,5,395
2541,7,2023,6,151
2542,7,2023,7,537
2543,7,2023,8,182
2544,7,2023,9,233
2545,7,2023,10,635
2546,7,2023,11,170
2547,7,2023,12,46
2548,7,2024,1,146
2549,7,2024,2,467
2550,7,2024,3,195
2551,7,2024,4,512
2552,7,2024,5,370
2553,7,2024,6,293
2554,7,2024,7,191
2555,7,2024,8,327
2556,7,2024,9,364
2557,7,2024,10,1039
2558,7,2024,11,435
2559,7,2024,12,390
2560,8,2022,1,72
2561,8,2022,2,195
2562,8,2022,3,252
2563,8,2022,4,464
2564,8,2022,5,166
2565,8,2022,6,154
2566,8,2022,7,297
2567,8,2022,8,142
2568,8,2022,9,163
2569,8,2022,10,576
2570,8,2022,11,124
2571,8,2022,12,70
2572,8,2023,1,337
2573,8,2023,2,216
2574,8,2023,3,483
2575,8,2023,4,454
2576,8,2023,5,293
2577,8,2023,6,564
2578,8,2023,7,208
2579,8,2023,8,254
2580,8,2023,9,347
2581,8,2023,10,1309
2582,8,2023,11,281
2583,8,2023,12,183
2584,8,2024,1,457
2585,8,2024,2,209
2586,8,2024,3,370
2587,8,2024,4,901
2588,8,2024,5,673
2589,8,2024,6,706
2590,8,2024,7,238
2591,8,2024,8,303
2592,8,2024,9,344
2593,8,2024,10,994
2594,8,2024,11,632
2595,8,2024,12,105
2596,9,2022,1,31
2597,9,2022,2,19
2598,9,2022,3,272
2599,9,2022,4,192
2600,9,2022,5,100
2601,9,2022,6,192
2602,9,2022,7,262
2603,9,2022,8,151
2604,9,2022,9,107
2605,9,2022,10,333
2606,9,2022,11,129
2607,9,2022,12,212
2608,9,2023,1,51
2609,9,2023,2,151
2610,9,2023,3,338
2611,9,2023,4,623
2612,9,2023,5,181
2613,9,2023,6,518
2614,9,2023,7,280
2615,9,2023,8,190
2616,9,2023,9,237
2617,9,2023,10,686
2618,9,2023,11,305
2619,9,2023,12,72
2620,9,2024,1,182
2621,9,2024,2,338
2622,9,2024,3,362
2623,9,2024,4,556
2624,9,2024,5,285
2625,9,2024,6,515
2626,9,2024,7,264
2627,9,2024,8,363
2628,9,2024,9,127
2629,9,2024,10,849
2630,9,2024,11,118
2631,9,2024,12,80
2632,10,2022,1,71
2633,10,2022,2,53
2634,10,2022,3,185
2635,10,2022,4,296
2636,10,2022,5,152
2637,10,2022,6,342
2638,10,2022,7,473
2639,10,2022,8,184
2640,10,2022,9,233
2641,10,2022,10,766
2642,10,2022,11,170
2643,10,2022,12,171
2644,10,2023,1,319
2645,10,2023,2,114
2646,10,2023,3,272
2647,10,2023,4,751
2648,10,2023,5,183
2649,10,2023,6,530
2650,10,2023,7,338
2651,10,2023,8,447
2652,10,2023,9,466
2653,10,2023,10,1329
2654,10,2023,11,536
2655,10,2023,12,87
2656,10,2024,1,243
2657,10,2024,2,383
2658,10,2024,3,514
2659,10,2024,4,696
2660,10,2024,5,236
2661,10,2024,6,383
2662,10,2024,7,496
2663,10,2024,8,652
2664,10,2024,9,575
2665,10,2024,10,1647
2666,10,2024,11,156
2667,10,2024,12,299
2668,11,2022,1,79
2669,11,2022,2,41
2670,11,2022,3,87
2671,11,2022,4,142
2672,11,2022,5,130
2673,11,2022,6,220
2674,11,2022,7,176
2675,11,2022,8,94
2676,11,2022,9,90
2677,11,2022,10,484
2678,11,2022,11,196
2679,11,2022,12,99
2680,11,2023,1,152
2681,11,2023,2,154
2682,11,2023,3,347
2683,11,2023,4,393
2684,11,2023,5,300
2685,11,2023,6,176
2686,11,2023,7,230
2687,11,2023,8,123
2688,11,2023,9,167
2689,11,2023,10,472
2690,11,2023,11,220
2691,11,2023,12,299
2692,11,2024,1,199
2693,11,2024,2,33
2694,11,2024,3,249
2695,11,2024,4,488
2696,11,2024,5,288
2697,11,2024,6,302
2698,11,2024,7,330
2699,11,2024,8,174
2700,11,2024,9,192
2701,11,2024,10,418
2702,11,2024,11,502
2703,11,2024,12,342
2704,12,2022,1,342
2705,12,2022,2,94
2706,12,2022,3,656
2707,12,2022,4,937
2708,12,2022,5,355
2709,12,2022,6,425
2710,12,2022,7,506
2711,12,2022,8,352
2712,12,2022,9,539
2713,12,2022,10,1223
2714,12,2022,11,308
2715,12,2022,12,177
2716,12,2023,1,388
2717,12,2023,2,536
2718,12,2023,3,374
2719,12,2023,4,1127
2720,12,2023,5,632
2721,12,2023,6,726
2722,12,2023,7,523
2723,12,2023,8,948
2724,12,2023,9,857
2725,12,2023,10,1399
2726,12,2023,11,799
2727,12,2023,12,489
2728,12,2024,1,179
2729,12,2024,2,864
2730,12,2024,3,1361
2731,12,2024,4,854
2732,12,2024,5,310
2733,12,2024,6,942
2734,12,2024,7,541
2735,12,2024,8,550
2736,12,2024,9,855
2737,12,2024,10,2572
2738,12,2024,11,521
2739,12,2024,12,374
2740,13,2022,1,172
2741,13,2022,2,358
2742,13,2022,3,241
2743,13,2022,4,307
2744,13,2022,5,124
2745,13,2022,6,741
2746,13,2022,7,134
2747,13,2022,8,170
2748,13,2022,9,278
2749,13,2022,10,565
2750,13,2022,11,210
2751,13,2022,12,83
2752,13,2023,1,273
2753,13,2023,2,186
2754,13,2023,3,368
2755,13,2023,4,656
2756,13,2023,5,684
2757,13,2023,6,602
2758,13,2023,7,419
2759,13,2023,8,432
2760,13,2023,9,613
2761,13,2023,10,950
2762,13,2023,11,252
2763,13,2023,12,467
2764,13,2024,1,1060
2765,13,2024,2,450
2766,13,2024,3,666
2767,13,2024,4,914
2768,13,2024,5,167
2769,13,2024,6,1016
2770,13,2024,7,325
2771,13,2024,8,306
2772,13,2024,9,513
2773,13,2024,10,1093
2774,13,2024,11,340
2775,13,2024,12,432
2776,14,2022,1,126
2777,14,2022,2,172
2778,14,2022,3,338
2779,14,2022,4,459
2780,14,2022,5,314
2781,14,2022,6,911
2782,14,2022,7,432
2783,14,2022,8,339
2784,14,2022,9,235
2785,14,2022,10,1018
2786,14,2022,11,357
2787,14,2022,12,244
2788,14,2023,1,376
2789,14,2023,2,119
2790,14,2023,3,712
2791,14,2023,4,946
2792,14,2023,5,456
2793,14,2023,6,311
2794,14,2023,7,856
2795,14,2023,8,307
2796,14,2023,9,1312
2797,14,2023,10,1091
2798,14,2023,11,747
2799,14,2023,12,595
2800,14,2024,1,307
2801,14,2024,2,421
2802,14,2024,3,718
2803,14,2024,4,1007
2804,14,2024,5,1148
2805,14,2024,6,753
2806,14,2024,7,774
2807,14,2024,8,376
2808,14,2024,9,528
2809,14,2024,10,1792
2810,14,2024,11,494
2811,14,2024,12,870
2812,15,2022,1,149
2813,15,2022,2,344
2814,15,2022,3,143
2815,15,2022,4,246
2816,15,2022,5,82
2817,15,2022,6,135
2818,15,2022,7,300
2819,15,2022,8,244
2820,15,2022,9,108
2821,15,2022,10,372
2822,15,2022,11,229
2823,15,2022,12,41
2824,15,2023,1,282
2825,15,2023,2,312
2826,15,2023,3,326
2827,15,2023,4,601
2828,15,2023,5,316
2829,15,2023,6,447
2830,15,2023,7,221
2831,15,2023,8,143
2832,15,2023,9,330
2833,15,2023,10,530
2834,15,2023,11,167
2835,15,2023,12,204
2836,15,2024,1,105
2837,15,2024,2,107
2838,15,2024,3,632
2839,15,2024,4,343
2840,15,2024,5,95
2841,15,2024,6,290
2842,15,2024,7,262
2843,15,2024,8,381
2844,15,2024,9,221
2845,15,2024,10,975
2846,15,2024,11,178
2847,15,2024,12,388
2848,16,2022,1,512
2849,16,2022,2,765
2850,16,2022,3,637
2851,16,2022,4,295
2852,16,2022,5,892
2853,16,2022,6,912
2854,16,2022,7,1162
2855,16,2022,8,555
2856,16,2022,9,1018
2857,16,2022,10,1533
2858,16,2022,11,335
2859,16,2022,12,413
2860,16,2023,1,527
2861,16,2023,2,660
2862,16,2023,3,645
2863,16,2023,4,1495
2864,16,2023,5,834
2865,16,2023,6,1854
2866,16,2023,7,513
2867,16,2023,8,1611
2868,16,2023,9,2106
2869,16,2023,10,3106
2870,16,2023,11,835
2871,16,2023,12,1174
2872,16,2024,1,1608
2873,16,2024,2,427
2874,16,2024,3,1121
2875,16,2024,4,1272
2876,16,2024,5,1678
2877,16,2024,6,1695
2878,16,2024,7,1287
2879,16,2024,8,1999
2880,16,2024,9,1291
2881,16,2024,10,2821
2882,16,2024,11,264
2883,16,2024,12,2192
2884,17,2022,1,23
2885,17,2022,2,342
2886,17,2022,3,554
2887,17,2022,4,537
2888,17,2022,5,368
2889,17,2022,6,673
2890,17,2022,7,223
2891,17,2022,8,462
2892,17,2022,9,233
2893,17,2022,10,1138
2894,17,2022,11,508
2895,17,2022,12,179
2896,17,2023,1,766
2897,17,2023,2,60
2898,17,2023,3,237
2899,17,2023,4,751
2900,17,2023,5,426
2901,17,2023,6,870
2902,17,2023,7,673
2903,17,2023,8,673
2904,17,2023,9,609
2905,17,2023,10,1547
2906,17,2023,11,552
2907,17,2023,12,748
2908,17,2024,1,545
2909,17,2024,2,312
2910,17,2024,3,574
2911,17,2024,4,1220
2912,17,2024,5,428
2913,17,2024,6,1032
2914,17,2024,7,769
2915,17,2024,8,674
2916,17,2024,9,663
2917,17,2024,10,2350
2918,17,2024,11,695
2919,17,2024,12,383
2920,18,2022,1,182
2921,18,2022,2,311
2922,18,2022,3,820
2923,18,2022,4,410
2924,18,2022,5,251
2925,18,2022,6,637
2926,18,2022,7,240
2927,18,2022,8,85
2928,18,2022,9,233
2929,18,2022,10,876
2930,18,2022,11,571
2931,18,2022,12,242
2932,18,2023,1,359
2933,18,2023,2,32
2934,18,2023,3,869
2935,18,2023,4,1228
2936,18,2023,5,168
2937,18,2023,6,537
2938,18,2023,7,448
2939,18,2023,8,575
2940,18,2023,9,1407
2941,18,2023,10,1257
2942,18,2023,11,715
2943,18,2023,12,652
2944,18,2024,1,573
2945,18,2024,2,424
2946,18,2024,3,911
2947,18,2024,4,828
2948,18,2024,5,778
2949,18,2024,6,775
2950,18,2024,7,314
2951,18,2024,8,570
2952,18,2024,9,1092
2953,18,2024,10,1933
2954,18,2024,11,343
2955,18,2024,12,928
2956,19,2022,1,47
2957,19,2022,2,177
2958,19,2022,3,268
2959,19,2022,4,595
2960,19,2022,5,213
2961,19,2022,6,160
2962,19,2022,7,468
2963,19,2022,8,339
2964,19,2022,9,368
2965,19,2022,10,593
2966,19,2022,11,265
2967,19,2022,12,300
2968,19,2023,1,714
2969,19,2023,2,293
2970,19,2023,3,763
2971,19,2023,4,693
2972,19,2023,5,771
2973,19,2023,6,891
2974,19,2023,7,488
2975,19,2023,8,356
2976,19,2023,9,336
2977,19,2023,10,1525
2978,19,2023,11,173
2979,19,2023,12,533
2980,19,2024,1,305
2981,19,2024,2,253
2982,19,2024,3,642
2983,19,2024,4,1022
2984,19,2024,5,504
2985,19,2024,6,886
2986,19,2024,7,556
2987,19,2024,8,508
2988,19,2024,9,451
2989,19,2024,10,2180
2990,19,2024,11,274
2991,19,2024,12,548
2992,20,2022,1,48
2993,20,2022,2,51
2994,20,2022,3,104
2995,20,2022,4,479
2996,20,2022,5,111
2997,20,2022,6,255
2998,20,2022,7,225
2999,20,2022,8,99
3000,20,2022,9,111
3001,20,2022,10,396
3002,20,2022,11,279
3003,20,2022,12,165
3004,20,2023,1,264
3005,20,2023,2,197
3006,20,2023,3,247
3007,20,2023,4,571
3008,20,2023,5,292
3009,20,2023,6,542
3010,20,2023,7,387
3011,20,2023,8,126
3012,20,2023,9,430
3013,20,2023,10,659
3014,20,2023,11,184
3015,20,2023,12,448
3016,20,2024,1,298
3017,20,2024,2,253
3018,20,2024,3,531
3019,20,2024,4,477
3020,20,2024,5,202
3021,20,2024,6,376
3022,20,2024,7,336
3023,20,2024,8,253
3024,20,2024,9,501
3025,20,2024,10,770
3026,20,2024,11,302
3027,20,2024,12,94
3028,21,2022,1,156
3029,21,2022,2,110
3030,21,2022,3,78
3031,21,2022,4,71
3032,21,2022,5,67
3033,21,2022,6,269
3034,21,2022,7,206
3035,21,2022,8,174
3036,21,2022,9,155
3037,21,2022,10,438
3038,21,2022,11,122
3039,21,2022,12,78
3040,21,2023,1,280
3041,21,2023,2,237
3042,21,2023,3,224
3043,21,2023,4,421
3044,21,2023,5,115
3045,21,2023,6,138
3046,21,2023,7,404
3047,21,2023,8,105
3048,21,2023,9,142
3049,21,2023,10,762
3050,21,2023,11,426
3051,21,2023,12,99
3052,21,2024,1,183
3053,21,2024,2,256
3054,21,2024,3,358
3055,21,2024,4,254
3056,21,2024,5,258
3057,21,2024,6,285
3058,21,2024,7,292
3059,21,2024,8,325
3060,21,2024,9,311
3061,21,2024,10,690
3062,21,2024,11,213
3063,21,2024,12,277
3064,22,2022,1,38
3065,22,2022,2,18
3066,22,2022,3,105
3067,22,2022,4,69
3068,22,2022,5,33
3069,22,2022,6,63
3070,22,2022,7,83
3071,22,2022,8,27
3072,22,2022,9,46
3073,22,2022,10,140
3074,22,2022,11,52
3075,22,2022,12,44
3076,22,2023,1,51
3077,22,2023,2,65
3078,22,2023,3,43
3079,22,2023,4,173
3080,22,2023,5,138
3081,22,2023,6,62
3082,22,2023,7,92
3083,22,2023,8,77
3084,22,2023,9,117
3085,22,2023,10,320
3086,22,2023,11,53
3087,22,2023,12,55
3088,22,2024,1,36
3089,22,2024,2,28
3090,22,2024,3,166
3091,22,2024,4,92
3092,22,2024,5,107
3093,22,2024,6,70
3094,22,2024,7,165
3095,22,2024,8,79
3096,22,2024,9,88
3097,22,2024,10,409
3098,22,2024,11,182
3099,22,2024,12,62
3100,23,2022,1,16
3101,23,2022,2,69
3102,23,2022,3,54
3103,23,2022,4,76
3104,23,2022,5,107
3105,23,2022,6,43
3106,23,2022,7,75
3107,23,2022,8,68
3108,23,2022,9,29
3109,23,2022,10,157
3110,23,2022,11,27
3111,23,2022,12,19
3112,23,2023,1,75
3113,23,2023,2,126
3114,23,2023,3,65
3115,23,2023,4,133
3116,23,2023,5,109
3117,23,2023,6,48
3118,23,2023,7,135
3119,23,2023,8,105
3120,23,2023,9,104
3121,23,2023,10,202
3122,23,2023,11,124
3123,23,2023,12,83
3124,23,2024,1,40
3125,23,2024,2,40
3126,23,2024,3,65
3127,23,2024,4,152
3128,23,2024,5,127
3129,23,2024,6,102
3130,23,2024,7,75
3131,23,2024,8,64
3132,23,2024,9,15
3133,23,2024,10,246
3134,23,2024,11,63
3135,23,2024,12,73
3136,24,2022,1,195
3137,24,2022,2,518
3138,24,2022,3,464
3139,24,2022,4,336
3140,24,2022,5,590
3141,24,2022,6,686
3142,24,2022,7,764
3143,24,2022,8,218
3144,24,2022,9,260
3145,24,2022,10,811
3146,24,2022,11,94
3147,24,2022,12,258
3148,24,2023,1,213
3149,24,2023,2,321
3150,24,2023,3,783
3151,24,2023,4,1094
3152,24,2023,5,503
3153,24,2023,6,458
3154,24,2023,7,260
3155,24,2023,8,1538
3156,24,2023,9,333
3157,24,2023,10,1489
3158,24,2023,11,500
3159,24,2023,12,453
3160,24,2024,1,238
3161,24,2024,2,315
3162,24,2024,3,555
3163,24,2024,4,962
3164,24,2024,5,785
3165,24,2024,6,852
3166,24,2024,7,1374
3167,24,2024,8,733
3168,24,2024,9,635
3169,24,2024,10,1824
3170,24,2024,11,514
3171,24,2024,12,309
3172,25,2022,1,88
3173,25,2022,2,163
3174,25,2022,3,245
3175,25,2022,4,177
3176,25,2022,5,130
3177,25,2022,6,296
3178,25,2022,7,562
3179,25,2022,8,157
3180,25,2022,9,318
3181,25,2022,10,305
3182,25,2022,11,200
3183,25,2022,12,169
3184,25,2023,1,186
3185,25,2023,2,472
3186,25,2023,3,257
3187,25,2023,4,467
3188,25,2023,5,443
3189,25,2023,6,558
3190,25,2023,7,206
3191,25,2023,8,392
3192,25,2023,9,368
3193,25,2023,10,966
3194,25,2023,11,217
3195,25,2023,12,126
3196,25,2024,1,312
3197,25,2024,2,112
3198,25,2024,3,657
3199,25,2024,4,585
3200,25,2024,5,244
3201,25,2024,6,222
3202,25,2024,7,659
3203,25,2024,8,434
3204,25,2024,9,368
3205,25,2024,10,943
3206,25,2024,11,308
3207,25,2024,12,278
3208,26,2022,1,64
3209,26,2022,2,25
3210,26,2022,3,208
3211,26,2022,4,366
3212,26,2022,5,129
3213,26,2022,6,275
3214,26,2022,7,62
3215,26,2022,8,118
3216,26,2022,9,292
3217,26,2022,10,634
3218,26,2022,11,151
3219,26,2022,12,104
3220,26,2023,1,263
3221,26,2023,2,274
3222,26,2023,3,285
3223,26,2023,4,370
3224,26,2023,5,327
3225,26,2023,6,252
3226,26,2023,7,556
3227,26,2023,8,246
3228,26,2023,9,443
3229,26,2023,10,569
3230,26,2023,11,118
3231,26,2023,12,415
3232,26,2024,1,238
3233,26,2024,2,208
3234,26,2024,3,631
3235,26,2024,4,363
3236,26,2024,5,463
3237,26,2024,6,438
3238,26,2024,7,188
3239,26,2024,8,382
3240,26,2024,9,199
3241,26,2024,10,893
3242,26,2024,11,356
3243,26,2024,12,269
3244,27,2022,1,57
3245,27,2022,2,159
3246,27,2022,3,214
3247,27,2022,4,144
3248,27,2022,5,94
3249,27,2022,6,172
3250,27,2022,7,180
3251,27,2022,8,118
3252,27,2022,9,33
3253,27,2022,10,462
3254,27,2022,11,132
3255,27,2022,12,260
3256,27,2023,1,202
3257,27,2023,2,138
3258,27,2023,3,218
3259,27,2023,4,506
3260,27,2023,5,81
3261,27,2023,6,454
3262,27,2023,7,206
3263,27,2023,8,284
3264,27,2023,9,299
3265,27,2023,10,813
3266,27,2023,11,213
3267,27,2023,12,311
3268,27,2024,1,520
3269,27,2024,2,241
3270,27,2024,3,370
3271,27,2024,4,413
3272,27,2024,5,391
3273,27,2024,6,502
3274,27,2024,7,199
3275,27,2024,8,404
3276,27,2024,9,236
3277,27,2024,10,1097
3278,27,2024,11,381
3279,27,2024,12,215
3280,28,2022,1,70
3281,28,2022,2,219
3282,28,2022,3,260
3283,28,2022,4,376
3284,28,2022,5,260
3285,28,2022,6,645
3286,28,2022,7,310
3287,28,2022,8,385
3288,28,2022,9,354
3289,28,2022,10,651
3290,28,2022,11,261
3291,28,2022,12,133
3292,28,2023,1,145
3293,28,2023,2,387
3294,28,2023,3,673
3295,28,2023,4,790
3296,28,2023,5,711
3297,28,2023,6,419
3298,28,2023,7,517
3299,28,2023,8,359
3300,28,2023,9,498
3301,28,2023,10,1235
3302,28,2023,11,361
3303,28,2023,12,164
3304,28,2024,1,322
3305,28,2024,2,108
3306,28,2024,3,524
3307,28,2024,4,952
3308,28,2024,5,470
3309,28,2024,6,559
3310,28,2024,7,722
3311,28,2024,8,374
3312,28,2024,9,514
3313,28,2024,10,1085
3314,28,2024,11,524
3315,28,2024,12,228
3316,29,2022,1,362
3317,29,2022,2,103
3318,29,2022,3,324
3319,29,2022,4,318
3320,29,2022,5,131
3321,29,2022,6,700
3322,29,2022,7,767
3323,29,2022,8,207
3324,29,2022,9,369
3325,29,2022,10,764
3326,29,2022,11,104
3327,29,2022,12,68
3328,29,2023,1,430
3329,29,2023,2,338
3330,29,2023,3,566
3331,29,2023,4,1449
3332,29,2023,5,247
3333,29,2023,6,535
3334,29,2023,7,307
3335,29,2023,8,504
3336,29,2023,9,509
3337,29,2023,10,1519
3338,29,2023,11,396
3339,29,2023,12,363
3340,29,2024,1,280
3341,29,2024,2,219
3342,29,2024,3,595
3343,29,2024,4,868
3344,29,2024,5,411
3345,29,2024,6,675
3346,29,2024,7,553
3347,29,2024,8,535
3348,29,2024,9,403
3349,29,2024,10,1792
3350,29,2024,11,472
3351,29,2024,12,439
3352,30,2022,1,135
3353,30,2022,2,80
3354,30,2022,3,22
3355,30,2022,4,357
3356,30,2022,5,120
3357,30,2022,6,308
3358,30,2022,7,475
3359,30,2022,8,138
3360,30,2022,9,182
3361,30,2022,10,676
3362,30,2022,11,266
3363,30,2022,12,255
3364,30,2023,1,453
3365,30,2023,2,139
3366,30,2023,3,515
3367,30,2023,4,507
3368,30,2023,5,355
3369,30,2023,6,494
3370,30,2023,7,405
3371,30,2023,8,319
3372,30,2023,9,393
3373,30,2023,10,588
3374,30,2023,11,222
3375,30,2023,12,419
3376,30,2024,1,195
3377,30,2024,2,194
3378,30,2024,3,292
3379,30,2024,4,781
3380,30,2024,5,400
3381,30,2024,6,246
3382,30,2024,7,604
3383,30,2024,8,315
3384,30,2024,9,427
3385,30,2024,10,1522
3386,30,2024,11,195
3387,30,2024,12,368
3388,31,2022,1,212
3389,31,2022,2,143
3390,31,2022,3,210
3391,31,2022,4,555
3392,31,2022,5,208
3393,31,2022,6,444
3394,31,2022,7,312
3395,31,2022,8,404
3396,31,2022,9,285
3397,31,2022,10,968
3398,31,2022,11,321
3399,31,2022,12,157
3400,31,2023,1,253
3401,31,2023,2,304
3402,31,2023,3,655
3403,31,2023,4,682
3404,31,2023,5,628
3405,31,2023,6,1216
3406,31,2023,7,510
3407,31,2023,8,463
3408,31,2023,9,695
3409,31,2023,10,993
3410,31,2023,11,373
3411,31,2023,12,144
3412,31,2024,1,451
3413,31,2024,2,143
3414,31,2024,3,946
3415,31,2024,4,501
3416,31,2024,5,333
3417,31,2024,6,936
3418,31,2024,7,487
3419,31,2024,8,385
3420,31,2024,9,567
3421,31,2024,10,2136
3422,31,2024,11,728
3423,31,2024,12,254
3424,32,2022,1,866
3425,32,2022,2,227
3426,32,2022,3,555
3427,32,2022,4,918
3428,32,2022,5,575
3429,32,2022,6,1034
3430,32,2022,7,2032
3431,32,2022,8,623
3432,32,2022,9,754
3433,32,2022,10,2086
3434,32,2022,11,717
3435,32,2022,12,475
3436,32,2023,1,734
3437,32,2023,2,614
3438,32,2023,3,677
3439,32,2023,4,1671
3440,32,2023,5,1363
3441,32,2023,6,1624
3442,32,2023,7,1993
3443,32,2023,8,1701
3444,32,2023,9,1842
3445,32,2023,10,3408
3446,32,2023,11,1472
3447,32,2023,12,802
3448,32,2024,1,685
3449,32,2024,2,635
3450,32,2024,3,1348
3451,32,2024,4,2286
3452,32,2024,5,1676
3453,32,2024,6,1231
3454,32,2024,7,1713
3455,32,2024,8,786
3456,32,2024,9,2280
3457,32,2024,10,3833
3458,32,2024,11,784
3459,32,2024,12,1994
3460,33,2022,1,601
3461,33,2022,2,808
3462,33,2022,3,605
3463,33,2022,4,561
3464,33,2022,5,577
3465,33,2022,6,799
3466,33,2022,7,1569
3467,33,2022,8,855
3468,33,2022,9,397
3469,33,2022,10,2068
3470,33,2022,11,490
3471,33,2022,12,827
3472,33,2023,1,511
3473,33,2023,2,126
3474,33,2023,3,2102
3475,33,2023,4,2025
3476,33,2023,5,782
3477,33,2023,6,1839
3478,33,2023,7,1769
3479,33,2023,8,1695
3480,33,2023,9,998
3481,33,2023,10,2780
3482,33,2023,11,410
3483,33,2023,12,420
3484,33,2024,1,1451
3485,33,2024,2,192
3486,33,2024,3,1146
3487,33,2024,4,2138
3488,33,2024,5,1079
3489,33,2024,6,1388
3490,33,2024,7,1408
3491,33,2024,8,1252
3492,33,2024,9,1141
3493,33,2024,10,3767
3494,33,2024,11,1743
3495,33,2024,12,917
3496,34,2022,1,121
3497,34,2022,2,456
3498,34,2022,3,447
3499,34,2022,4,1907
3500,34,2022,5,341
3501,34,2022,6,1022
3502,34,2022,7,814
3503,34,2022,8,397
3504,34,2022,9,484
3505,34,2022,10,1944
3506,34,2022,11,282
3507,34,2022,12,355
3508,34,2023,1,930
3509,34,2023,2,609
3510,34,2023,3,919
3511,34,2023,4,2252
3512,34,2023,5,990
3513,34,2023,6,1726
3514,34,2023,7,1901
3515,34,2023,8,844
3516,34,2023,9,2333
3517,34,2023,10,2246
3518,34,2023,11,954
3519,34,2023,12,1130
3520,34,2024,1,335
3521,34,2024,2,585
3522,34,2024,3,2314
3523,34,2024,4,3164
3524,34,2024,5,720
3525,34,2024,6,1780
3526,34,2024,7,1142
3527,34,2024,8,1519
3528,34,2024,9,1285
3529,34,2024,10,4011
3530,34,2024,11,1732
3531,34,2024,12,1620
3532,35,2022,1,133
3533,35,2022,2,436
3534,35,2022,3,313
3535,35,2022,4,883
3536,35,2022,5,425
3537,35,2022,6,293
3538,35,2022,7,517
3539,35,2022,8,435
3540,35,2022,9,573
3541,35,2022,10,1294
3542,35,2022,11,797
3543,35,2022,12,234
3544,35,2023,1,485
3545,35,2023,2,228
3546,35,2023,3,954
3547,35,2023,4,862
3548,35,2023,5,1163
3549,35,2023,6,1215
3550,35,2023,7,1136
3551,35,2023,8,638
3552,35,2023,9,966
3553,35,2023,10,1585
3554,35,2023,11,938
3555,35,2023,12,610
3556,35,2024,1,742
3557,35,2024,2,220
3558,35,2024,3,1198
3559,35,2024,4,1370
3560,35,2024,5,317
3561,35,2024,6,1524
3562,35,2024,7,979
3563,35,2024,8,562
3564,35,2024,9,751
3565,35,2024,10,2052
3566,35,2024,11,1485
3567,35,2024,12,749
3568,36,2022,1,152
3569,36,2022,2,561
3570,36,2022,3,149
3571,36,2022,4,1218
3572,36,2022,5,638
3573,36,2022,6,313
3574,36,2022,7,638
3575,36,2022,8,427
3576,36,2022,9,721
3577,36,2022,10,1984
3578,36,2022,11,452
3579,36,2022,12,451
3580,36,2023,1,772
3581,36,2023,2,279
3582,36,2023,3,1091
3583,36,2023,4,1558
3584,36,2023,5,886
3585,36,2023,6,942
3586,36,2023,7,644
3587,36,2023,8,1179
3588,36,2023,9,1349
3589,36,2023,10,2636
3590,36,2023,11,552
3591,36,2023,12,298
3592,36,2024,1,1057
3593,36,2024,2,444
3594,36,2024,3,1088
3595,36,2024,4,1911
3596,36,2024,5,1508
3597,36,2024,6,1277
3598,36,2024,7,663
3599,36,2024,8,512
3600,36,2024,9,344
3601,36,2024,10,2416
3602,36,2024,11,581
3603,36,2024,12,1488
3604,37,2022,1,60
3605,37,2022,2,437
3606,37,2022,3,288
3607,37,2022,4,287
3608,37,2022,5,121
3609,37,2022,6,167
3610,37,2022,7,125
3611,37,2022,8,136
3612,37,2022,9,276
3613,37,2022,10,744
3614,37,2022,11,353
3615,37,2022,12,42
3616,37,2023,1,284
3617,37,2023,2,386
3618,37,2023,3,190
3619,37,2023,4,927
3620,37,2023,5,316
3621,37,2023,6,278
3622,37,2023,7,240
3623,37,2023,8,396
3624,37,2023,9,801
3625,37,2023,10,1469
3626,37,2023,11,110
3627,37,2023,12,324
3628,37,2024,1,143
3629,37,2024,2,52
3630,37,2024,3,182
3631,37,2024,4,597
3632,37,2024,5,430
3633,37,2024,6,595
3634,37,2024,7,456
3635,37,2024,8,770
3636,37,2024,9,964
3637,37,2024,10,1452
3638,37,2024,11,411
3639,37,2024,12,434
3640,38,2022,1,51
3641,38,2022,2,152
3642,38,2022,3,302
3643,38,2022,4,257
3644,38,2022,5,86
3645,38,2022,6,335
3646,38,2022,7,269
3647,38,2022,8,146
3648,38,2022,9,114
3649,38,2022,10,821
3650,38,2022,11,228
3651,38,2022,12,75
3652,38,2023,1,191
3653,38,2023,2,384
3654,38,2023,3,585
3655,38,2023,4,425
3656,38,2023,5,398
3657,38,2023,6,273
3658,38,2023,7,349
3659,38,2023,8,296
3660,38,2023,9,329
3661,38,2023,10,1090
3662,38,2023,11,79
3663,38,2023,12,141
3664,38,2024,1,126
3665,38,2024,2,367
3666,38,2024,3,384
3667,38,2024,4,267
3668,38,2024,5,585
3669,38,2024,6,618
3670,38,2024,7,379
3671,38,2024,8,335
3672,38,2024,9,532
3673,38,2024,10,855
3674,38,2024,11,296
3675,38,2024,12,409
3676,39,2022,1,235
3677,39,2022,2,484
3678,39,2022,3,220
3679,39,2022,4,492
3680,39,2022,5,149
3681,39,2022,6,430
3682,39,2022,7,197
3683,39,2022,8,366
3684,39,2022,9,311
3685,39,2022,10,682
3686,39,2022,11,491
3687,39,2022,12,108
3688,39,2023,1,385
3689,39,2023,2,277
3690,39,2023,3,532
3691,39,2023,4,1518
3692,39,2023,5,366
3693,39,2023,6,788
3694,39,2023,7,647
3695,39,2023,8,374
3696,39,2023,9,560
3697,39,2023,10,1176
3698,39,2023,11,449
3699,39,2023,12,251
3700,39,2024,1,311
3701,39,2024,2,319
3702,39,2024,3,908
3703,39,2024,4,1134
3704,39,2024,5,548
3705,39,2024,6,681
3706,39,2024,7,490
3707,39,2024,8,652
3708,39,2024,9,356
3709,39,2024,10,1569
3710,39,2024,11,587
3711,39,2024,12,484
3712,40,2022,1,568
3713,40,2022,2,392
3714,40,2022,3,549
3715,40,2022,4,1127
3716,40,2022,5,883
3717,40,2022,6,1091
3718,40,2022,7,799
3719,40,2022,8,84
3720,40,2022,9,1060
3721,40,2022,10,1388
3722,40,2022,11,624
3723,40,2022,12,1022
3724,40,2023,1,144
3725,40,2023,2,978
3726,40,2023,3,1058
3727,40,2023,4,1103
3728,40,2023,5,586
3729,40,2023,6,1100
3730,40,2023,7,1146
3731,40,2023,8,824
3732,40,2023,9,2468
3733,40,2023,10,3001
3734,40,2023,11,1451
3735,40,2023,12,1002
3736,40,2024,1,596
3737,40,2024,2,362
3738,40,2024,3,1067
3739,40,2024,4,1255
3740,40,2024,5,1030
3741,40,2024,6,1158
3742,40,2024,7,862
3743,40,2024,8,2004
3744,40,2024,9,1803
3745,40,2024,10,3106
3746,40,2024,11,644
3747,40,2024,12,940
3748,41,2022,1,84
3749,41,2022,2,173
3750,41,2022,3,116
3751,41,2022,4,318
3752,41,2022,5,61
3753,41,2022,6,134
3754,41,2022,7,202
3755,41,2022,8,115
3756,41,2022,9,194
3757,41,2022,10,519
3758,41,2022,11,166
3759,41,2022,12,32
3760,41,2023,1,105
3761,41,2023,2,155
3762,41,2023,3,292
3763,41,2023,4,340
3764,41,2023,5,247
3765,41,2023,6,403
3766,41,2023,7,227
3767,41,2023,8,282
3768,41,2023,9,474
3769,41,2023,10,660
3770,41,2023,11,349
3771,41,2023,12,146
3772,41,2024,1,193
3773,41,2024,2,211
3774,41,2024,3,343
3775,41,2024,4,303
3776,41,2024,5,441
3777,41,2024,6,348
3778,41,2024,7,92
3779,41,2024,8,358
3780,41,2024,9,212
3781,41,2024,10,1238
3782,41,2024,11,257
3783,41,2024,12,205
3784,42,2023,1,112
3785,42,2023,2,98
3786,42,2023,3,380
3787,42,2023,4,491
3788,42,2023,5,350
3789,42,2023,6,301
3790,42,2023,7,197
3791,42,2023,8,202
3792,42,2023,9,159
3793,42,2023,10,694
3794,42,2023,11,229
3795,42,2023,12,213
3796,42,2024,1,119
3797,42,2024,2,316
3798,42,2024,3,378
3799,42,2024,4,476
3800,42,2024,5,329
3801,42,2024,6,300
3802,42,2024,7,399
3803,42,2024,8,230
3804,42,2024,9,318
3805,42,2024,10,734
3806,42,2024,11,290
3807,42,2024,12,104
3808,43,2023,1,277
3809,43,2023,2,163
3810,43,2023,3,636
3811,43,2023,4,686
3812,43,2023,5,294
3813,43,2023,6,844
3814,43,2023,7,606
3815,43,2023,8,345
3816,43,2023,9,313
3817,43,2023,10,1006
3818,43,2023,11,298
3819,43,2023,12,610
3820,43,2024,1,224
3821,43,2024,2,106
3822,43,2024,3,505
3823,43,2024,4,1200
3824,43,2024,5,676
3825,43,2024,6,687
3826,43,2024,7,460
3827,43,2024,8,249
3828,43,2024,9,730
3829,43,2024,10,1551
3830,43,2024,11,169
3831,43,2024,12,473
3832,44,2023,1,173
3833,44,2023,2,146
3834,44,2023,3,599
3835,44,2023,4,926
3836,44,2023,5,696
3837,44,2023,6,765
3838,44,2023,7,594
3839,44,2023,8,169
3840,44,2023,9,774
3841,44,2023,10,1058
3842,44,2023,11,286
3843,44,2023,12,318
3844,44,2024,1,345
3845,44,2024,2,133
3846,44,2024,3,716
3847,44,2024,4,859
3848,44,2024,5,779
3849,44,2024,6,546
3850,44,2024,7,578
3851,44,2024,8,379
3852,44,2024,9,616
3853,44,2024,10,1408
3854,44,2024,11,655
3855,115,2023,7,489
3856,115,2023,8,207
3857,115,2023,9,433
3858,115,2023,10,1593
3859,115,2023,11,394
3860,115,2023,12,248
3861,115,2024,1,146
3862,115,2024,2,138
3863,115,2024,3,756
3864,115,2024,4,1294
3865,115,2024,5,278
3866,115,2024,6,561
3867,115,2024,7,412
3868,115,2024,8,282
3869,115,2024,9,920
3870,115,2024,10,1081
3871,115,2024,11,398
3872,115,2024,12,759
